-- MySQL dump 10.13  Distrib 5.5.62, for Win64 (AMD64)
--
-- Host: localhost    Database: whisking
-- ------------------------------------------------------
-- Server version	5.5.5-10.4.22-MariaDB

/*!40101 SET @OLD_CHARACTER_SET_CLIENT=@@CHARACTER_SET_CLIENT */;
/*!40101 SET @OLD_CHARACTER_SET_RESULTS=@@CHARACTER_SET_RESULTS */;
/*!40101 SET @OLD_COLLATION_CONNECTION=@@COLLATION_CONNECTION */;
/*!40101 SET NAMES utf8 */;
/*!40103 SET @OLD_TIME_ZONE=@@TIME_ZONE */;
/*!40103 SET TIME_ZONE='+00:00' */;
/*!40014 SET @OLD_UNIQUE_CHECKS=@@UNIQUE_CHECKS, UNIQUE_CHECKS=0 */;
/*!40014 SET @OLD_FOREIGN_KEY_CHECKS=@@FOREIGN_KEY_CHECKS, FOREIGN_KEY_CHECKS=0 */;
/*!40101 SET @OLD_SQL_MODE=@@SQL_MODE, SQL_MODE='NO_AUTO_VALUE_ON_ZERO' */;
/*!40111 SET @OLD_SQL_NOTES=@@SQL_NOTES, SQL_NOTES=0 */;

--
-- Table structure for table `addresses`
--

DROP TABLE IF EXISTS `addresses`;
/*!40101 SET @saved_cs_client     = @@character_set_client */;
/*!40101 SET character_set_client = utf8 */;
CREATE TABLE `addresses` (
  `id` int(10) unsigned NOT NULL AUTO_INCREMENT,
  `street` varchar(70) DEFAULT NULL,
  `number` int(10) unsigned DEFAULT NULL,
  `city` varchar(45) DEFAULT NULL,
  `province` varchar(45) DEFAULT NULL,
  `postalCode` varchar(30) DEFAULT NULL,
  `userId` int(10) unsigned NOT NULL,
  `createdAt` datetime NOT NULL,
  `updatedAt` datetime NOT NULL,
  PRIMARY KEY (`id`),
  KEY `addresses_ibfk_1` (`userId`),
  CONSTRAINT `addresses_ibfk_1` FOREIGN KEY (`userId`) REFERENCES `users` (`id`) ON DELETE CASCADE
) ENGINE=InnoDB AUTO_INCREMENT=6 DEFAULT CHARSET=utf8mb4;
/*!40101 SET character_set_client = @saved_cs_client */;

--
-- Dumping data for table `addresses`
--

LOCK TABLES `addresses` WRITE;
/*!40000 ALTER TABLE `addresses` DISABLE KEYS */;
/*!40000 ALTER TABLE `addresses` ENABLE KEYS */;
UNLOCK TABLES;

--
-- Table structure for table `categories`
--

DROP TABLE IF EXISTS `categories`;
/*!40101 SET @saved_cs_client     = @@character_set_client */;
/*!40101 SET character_set_client = utf8 */;
CREATE TABLE `categories` (
  `id` int(10) unsigned NOT NULL AUTO_INCREMENT,
  `name` varchar(45) NOT NULL,
  `image` text NOT NULL,
  `createdAt` datetime NOT NULL,
  `updatedAt` datetime NOT NULL,
  PRIMARY KEY (`id`)
) ENGINE=InnoDB AUTO_INCREMENT=7 DEFAULT CHARSET=utf8mb4;
/*!40101 SET character_set_client = @saved_cs_client */;

--
-- Dumping data for table `categories`
--

LOCK TABLES `categories` WRITE;
/*!40000 ALTER TABLE `categories` DISABLE KEYS */;
INSERT INTO `categories` VALUES (1,'Single Malt','asd','2022-03-10 23:05:57','2022-03-10 23:05:57'),(2,'Japoneses','asd','2022-03-10 23:05:57','2022-03-10 23:05:57'),(3,'Blended','asd','2022-03-10 23:05:57','2022-03-10 23:05:57'),(4,'Bourbon','asd','2022-03-10 23:05:57','2022-03-10 23:05:57'),(5,'Irlandeses','asd','2022-03-10 23:05:57','2022-03-10 23:05:57');
/*!40000 ALTER TABLE `categories` ENABLE KEYS */;
UNLOCK TABLES;

--
-- Table structure for table `images`
--

DROP TABLE IF EXISTS `images`;
/*!40101 SET @saved_cs_client     = @@character_set_client */;
/*!40101 SET character_set_client = utf8 */;
CREATE TABLE `images` (
  `id` int(10) unsigned NOT NULL AUTO_INCREMENT,
  `name` varchar(100) NOT NULL,
  `productId` int(10) unsigned NOT NULL,
  `createdAt` datetime NOT NULL,
  `updatedAt` datetime NOT NULL,
  PRIMARY KEY (`id`),
  KEY `images_FK` (`productId`),
  CONSTRAINT `images_FK` FOREIGN KEY (`productId`) REFERENCES `products` (`id`) ON DELETE CASCADE
) ENGINE=InnoDB AUTO_INCREMENT=172 DEFAULT CHARSET=utf8mb4;
/*!40101 SET character_set_client = @saved_cs_client */;

--
-- Dumping data for table `images`
--

LOCK TABLES `images` WRITE;
/*!40000 ALTER TABLE `images` DISABLE KEYS */;
INSERT INTO `images` VALUES (29,'1647041197809_img_.jpg',2,'2022-03-11 23:26:37','2022-03-11 23:26:37'),(30,'1647043305153_img_.jpg',3,'2022-03-12 00:01:45','2022-03-12 00:01:45'),(31,'1647043305153_img_.jpg',3,'2022-03-12 00:01:45','2022-03-12 00:01:45'),(34,'1647043595694_img_.jpg',4,'2022-03-12 00:06:35','2022-03-12 00:06:35'),(35,'1647043777454_img_.jpg',5,'2022-03-12 00:09:37','2022-03-12 00:09:37'),(36,'1647043777456_img_.jpg',5,'2022-03-12 00:09:37','2022-03-12 00:09:37'),(37,'1647044024775_img_.jpg',6,'2022-03-12 00:13:44','2022-03-12 00:13:44'),(38,'1647096059593_img_.jpg',7,'2022-03-12 14:40:59','2022-03-12 14:40:59'),(39,'1647096059594_img_.jpg',7,'2022-03-12 14:40:59','2022-03-12 14:40:59'),(40,'1647096445690_img_.jpg',8,'2022-03-12 14:47:25','2022-03-12 14:47:25'),(41,'1647096445691_img_.jpg',8,'2022-03-12 14:47:25','2022-03-12 14:47:25'),(42,'1647096445692_img_.jpg',8,'2022-03-12 14:47:25','2022-03-12 14:47:25'),(43,'1647096601762_img_.jpg',9,'2022-03-12 14:50:01','2022-03-12 14:50:01'),(44,'1647096601763_img_.jpg',9,'2022-03-12 14:50:01','2022-03-12 14:50:01'),(45,'1647096706406_img_.jpg',10,'2022-03-12 14:51:46','2022-03-12 14:51:46'),(46,'1647096817958_img_.jpg',11,'2022-03-12 14:53:37','2022-03-12 14:53:37'),(47,'1647096844826_img_.jpg',12,'2022-03-12 14:54:04','2022-03-12 14:54:04'),(48,'1647096868586_img_.jpg',13,'2022-03-12 14:54:28','2022-03-12 14:54:28'),(49,'1647096868586_img_.jpg',13,'2022-03-12 14:54:28','2022-03-12 14:54:28'),(50,'1647097412725_img_.jpg',14,'2022-03-12 15:03:32','2022-03-12 15:03:32'),(51,'1647097412726_img_.jpg',14,'2022-03-12 15:03:32','2022-03-12 15:03:32'),(52,'1647097585211_img_.jpg',15,'2022-03-12 15:06:25','2022-03-12 15:06:25'),(53,'1647097585212_img_.jpg',15,'2022-03-12 15:06:25','2022-03-12 15:06:25'),(54,'1647097710103_img_.jpg',16,'2022-03-12 15:08:30','2022-03-12 15:08:30'),(55,'1647097710104_img_.jpg',16,'2022-03-12 15:08:30','2022-03-12 15:08:30'),(56,'1647097738870_img_.jpg',17,'2022-03-12 15:08:58','2022-03-12 15:08:58'),(57,'1647097738870_img_.jpg',17,'2022-03-12 15:08:58','2022-03-12 15:08:58'),(58,'1647107664272_img_.jpg',18,'2022-03-12 17:54:24','2022-03-12 17:54:24'),(59,'1647107706692_img_.jpg',19,'2022-03-12 17:55:06','2022-03-12 17:55:06'),(60,'1647108116934_img_.jpg',20,'2022-03-12 18:01:56','2022-03-12 18:01:56'),(61,'1647108179260_img_.jpg',21,'2022-03-12 18:02:59','2022-03-12 18:02:59'),(62,'1647108179261_img_.jpg',21,'2022-03-12 18:02:59','2022-03-12 18:02:59'),(63,'1647108216215_img_.jpg',22,'2022-03-12 18:03:36','2022-03-12 18:03:36'),(64,'1647108240715_img_.jpg',23,'2022-03-12 18:04:00','2022-03-12 18:04:00'),(65,'1647108240716_img_.jpg',23,'2022-03-12 18:04:00','2022-03-12 18:04:00'),(66,'1647108240716_img_.jpg',23,'2022-03-12 18:04:00','2022-03-12 18:04:00'),(67,'1647108240718_img_.jpg',23,'2022-03-12 18:04:00','2022-03-12 18:04:00'),(68,'1647108441832_img_.jpg',24,'2022-03-12 18:07:21','2022-03-12 18:07:21'),(69,'1647108464309_img_.jpg',25,'2022-03-12 18:07:44','2022-03-12 18:07:44'),(70,'1647108464310_img_.jpg',25,'2022-03-12 18:07:44','2022-03-12 18:07:44'),(71,'1647108519203_img_.jpg',26,'2022-03-12 18:08:39','2022-03-12 18:08:39'),(72,'1647108519204_img_.jpg',26,'2022-03-12 18:08:39','2022-03-12 18:08:39'),(73,'1647108567156_img_.jpg',27,'2022-03-12 18:09:27','2022-03-12 18:09:27'),(74,'1647108567156_img_.jpg',27,'2022-03-12 18:09:27','2022-03-12 18:09:27'),(75,'1647108680202_img_.jpg',28,'2022-03-12 18:11:20','2022-03-12 18:11:20'),(76,'1647108680202_img_.jpg',28,'2022-03-12 18:11:20','2022-03-12 18:11:20'),(77,'1647108680202_img_.jpg',28,'2022-03-12 18:11:20','2022-03-12 18:11:20'),(78,'1647109501655_img_.jpg',29,'2022-03-12 18:25:01','2022-03-12 18:25:01'),(79,'1647109642041_img_.jpg',30,'2022-03-12 18:27:22','2022-03-12 18:27:22'),(80,'1647109718369_img_.jpg',31,'2022-03-12 18:28:38','2022-03-12 18:28:38'),(81,'1647109718369_img_.jpg',31,'2022-03-12 18:28:38','2022-03-12 18:28:38'),(82,'1647109753755_img_.jpg',32,'2022-03-12 18:29:13','2022-03-12 18:29:13'),(83,'1647109753755_img_.jpg',32,'2022-03-12 18:29:13','2022-03-12 18:29:13'),(84,'1647119867433_img_.jpg',33,'2022-03-12 21:17:47','2022-03-12 21:17:47'),(85,'1647119867433_img_.jpg',33,'2022-03-12 21:17:47','2022-03-12 21:17:47'),(86,'1647119867434_img_.jpg',33,'2022-03-12 21:17:47','2022-03-12 21:17:47'),(87,'1647119867434_img_.jpg',33,'2022-03-12 21:17:47','2022-03-12 21:17:47'),(88,'1647119867434_img_.jpg',33,'2022-03-12 21:17:47','2022-03-12 21:17:47'),(89,'1647119914513_img_.jpg',34,'2022-03-12 21:18:34','2022-03-12 21:18:34'),(90,'1647120333510_img_.jpg',35,'2022-03-12 21:25:33','2022-03-12 21:25:33'),(91,'1647120333510_img_.jpg',35,'2022-03-12 21:25:33','2022-03-12 21:25:33'),(92,'1647120333510_img_.jpg',35,'2022-03-12 21:25:33','2022-03-12 21:25:33'),(93,'1647120369076_img_.jpg',36,'2022-03-12 21:26:09','2022-03-12 21:26:09'),(94,'1647120369076_img_.jpg',36,'2022-03-12 21:26:09','2022-03-12 21:26:09'),(95,'1647120851225_img_.jpg',37,'2022-03-12 21:34:11','2022-03-12 21:34:11'),(96,'1647120851225_img_.jpg',37,'2022-03-12 21:34:11','2022-03-12 21:34:11'),(97,'1647120877541_img_.jpg',38,'2022-03-12 21:34:37','2022-03-12 21:34:37'),(98,'1647120877542_img_.jpg',38,'2022-03-12 21:34:37','2022-03-12 21:34:37'),(99,'1647120940872_img_.jpg',39,'2022-03-12 21:35:40','2022-03-12 21:35:40'),(100,'1647120940873_img_.jpg',39,'2022-03-12 21:35:40','2022-03-12 21:35:40'),(101,'1647120940873_img_.jpg',39,'2022-03-12 21:35:40','2022-03-12 21:35:40'),(102,'1647121066566_img_.jpg',40,'2022-03-12 21:37:46','2022-03-12 21:37:46'),(103,'1647121066566_img_.jpg',40,'2022-03-12 21:37:46','2022-03-12 21:37:46'),(104,'1647121107117_img_.jpg',41,'2022-03-12 21:38:27','2022-03-12 21:38:27'),(105,'1647121127477_img_.jpg',42,'2022-03-12 21:38:47','2022-03-12 21:38:47'),(106,'1647121127477_img_.jpg',42,'2022-03-12 21:38:47','2022-03-12 21:38:47'),(107,'1647121127477_img_.jpg',42,'2022-03-12 21:38:47','2022-03-12 21:38:47'),(108,'1647121151133_img_.jpg',43,'2022-03-12 21:39:11','2022-03-12 21:39:11'),(109,'1647121151133_img_.jpg',43,'2022-03-12 21:39:11','2022-03-12 21:39:11'),(110,'1647121275732_img_.jpg',44,'2022-03-12 21:41:15','2022-03-12 21:41:15'),(111,'1647121275732_img_.jpg',44,'2022-03-12 21:41:15','2022-03-12 21:41:15'),(112,'1647121352697_img_.jpg',45,'2022-03-12 21:42:32','2022-03-12 21:42:32'),(113,'1647121352697_img_.jpg',45,'2022-03-12 21:42:32','2022-03-12 21:42:32'),(114,'1647121590437_img_.jpg',46,'2022-03-12 21:46:30','2022-03-12 21:46:30'),(115,'1647121590437_img_.jpg',46,'2022-03-12 21:46:30','2022-03-12 21:46:30'),(116,'1647122626054_img_.jpg',47,'2022-03-12 22:03:46','2022-03-12 22:03:46'),(117,'1647122626055_img_.jpg',47,'2022-03-12 22:03:46','2022-03-12 22:03:46'),(118,'1647122851065_img_.jpg',48,'2022-03-12 22:07:31','2022-03-12 22:07:31'),(119,'1647122851065_img_.jpg',48,'2022-03-12 22:07:31','2022-03-12 22:07:31'),(120,'1647122935682_img_.jpg',49,'2022-03-12 22:08:55','2022-03-12 22:08:55'),(121,'1647122935682_img_.jpg',49,'2022-03-12 22:08:55','2022-03-12 22:08:55'),(122,'1647122935683_img_.jpg',49,'2022-03-12 22:08:55','2022-03-12 22:08:55'),(123,'1647122989022_img_.jpg',50,'2022-03-12 22:09:49','2022-03-12 22:09:49'),(124,'1647123047540_img_.jpg',51,'2022-03-12 22:10:47','2022-03-12 22:10:47'),(125,'1647123047540_img_.jpg',51,'2022-03-12 22:10:47','2022-03-12 22:10:47'),(126,'1647123047541_img_.jpg',51,'2022-03-12 22:10:47','2022-03-12 22:10:47'),(127,'1647123047542_img_.jpg',51,'2022-03-12 22:10:47','2022-03-12 22:10:47'),(128,'1647123083570_img_.jpg',52,'2022-03-12 22:11:23','2022-03-12 22:11:23'),(129,'1647123104072_img_.jpg',53,'2022-03-12 22:11:44','2022-03-12 22:11:44'),(130,'1647123121676_img_.jpg',54,'2022-03-12 22:12:01','2022-03-12 22:12:01'),(131,'1647123121676_img_.jpg',54,'2022-03-12 22:12:01','2022-03-12 22:12:01'),(132,'1647123141773_img_.jpg',55,'2022-03-12 22:12:21','2022-03-12 22:12:21'),(133,'1647123186374_img_.jpg',56,'2022-03-12 22:13:06','2022-03-12 22:13:06'),(134,'1647123230413_img_.jpg',57,'2022-03-12 22:13:50','2022-03-12 22:13:50'),(135,'1647123255659_img_.jpg',58,'2022-03-12 22:14:15','2022-03-12 22:14:15'),(136,'1647123283929_img_.jpg',59,'2022-03-12 22:14:43','2022-03-12 22:14:43'),(137,'1647123283929_img_.jpg',59,'2022-03-12 22:14:43','2022-03-12 22:14:43'),(138,'1647123345492_img_.jpg',60,'2022-03-12 22:15:45','2022-03-12 22:15:45'),(139,'1647123345493_img_.jpg',60,'2022-03-12 22:15:45','2022-03-12 22:15:45'),(140,'1647123345493_img_.jpg',60,'2022-03-12 22:15:45','2022-03-12 22:15:45'),(141,'1647123398965_img_.jpg',61,'2022-03-12 22:16:38','2022-03-12 22:16:38'),(142,'1647123398966_img_.jpg',61,'2022-03-12 22:16:38','2022-03-12 22:16:38'),(143,'1647123565374_img_.jpg',62,'2022-03-12 22:19:25','2022-03-12 22:19:25'),(144,'1647123589571_img_.jpg',63,'2022-03-12 22:19:49','2022-03-12 22:19:49'),(145,'1647123589572_img_.jpg',63,'2022-03-12 22:19:49','2022-03-12 22:19:49'),(146,'1647123589572_img_.jpg',63,'2022-03-12 22:19:49','2022-03-12 22:19:49'),(147,'1647123621345_img_.jpg',64,'2022-03-12 22:20:21','2022-03-12 22:20:21'),(148,'1647123621345_img_.jpg',64,'2022-03-12 22:20:21','2022-03-12 22:20:21'),(149,'1647123714602_img_.jpg',65,'2022-03-12 22:21:54','2022-03-12 22:21:54'),(150,'1647123714602_img_.jpg',65,'2022-03-12 22:21:54','2022-03-12 22:21:54'),(151,'1647123714602_img_.jpg',65,'2022-03-12 22:21:54','2022-03-12 22:21:54'),(152,'1647123823007_img_.jpg',66,'2022-03-12 22:23:43','2022-03-12 22:23:43'),(153,'1647123856258_img_.jpg',67,'2022-03-12 22:24:16','2022-03-12 22:24:16'),(154,'1647123856259_img_.jpg',67,'2022-03-12 22:24:16','2022-03-12 22:24:16'),(155,'1647123876487_img_.jpg',68,'2022-03-12 22:24:36','2022-03-12 22:24:36'),(156,'1647123876487_img_.jpg',68,'2022-03-12 22:24:36','2022-03-12 22:24:36'),(157,'1647123918746_img_.jpg',69,'2022-03-12 22:25:18','2022-03-12 22:25:18'),(158,'1647123918746_img_.jpg',69,'2022-03-12 22:25:18','2022-03-12 22:25:18'),(159,'1647123967557_img_.jpg',70,'2022-03-12 22:26:07','2022-03-12 22:26:07'),(160,'1647123967557_img_.jpg',70,'2022-03-12 22:26:07','2022-03-12 22:26:07'),(161,'1647124006226_img_.jpg',71,'2022-03-12 22:26:46','2022-03-12 22:26:46'),(162,'1647124006226_img_.jpg',71,'2022-03-12 22:26:46','2022-03-12 22:26:46'),(163,'1647124006226_img_.jpg',71,'2022-03-12 22:26:46','2022-03-12 22:26:46'),(164,'1647124037808_img_.jpg',72,'2022-03-12 22:27:17','2022-03-12 22:27:17'),(165,'1647124037808_img_.jpg',72,'2022-03-12 22:27:17','2022-03-12 22:27:17'),(166,'1647124057883_img_.jpg',73,'2022-03-12 22:27:37','2022-03-12 22:27:37'),(167,'1647124057883_img_.jpg',73,'2022-03-12 22:27:37','2022-03-12 22:27:37'),(168,'1647124077650_img_.jpg',74,'2022-03-12 22:27:57','2022-03-12 22:27:57'),(169,'1647124180641_img_.jpg',75,'2022-03-12 22:29:40','2022-03-12 22:29:40'),(170,'1647124180641_img_.jpg',75,'2022-03-12 22:29:40','2022-03-12 22:29:40'),(171,'1647124254016_img_.jpg',1,'2022-03-12 22:30:54','2022-03-12 22:30:54');
/*!40000 ALTER TABLE `images` ENABLE KEYS */;
UNLOCK TABLES;

--
-- Table structure for table `order-items`
--

DROP TABLE IF EXISTS `order-items`;
/*!40101 SET @saved_cs_client     = @@character_set_client */;
/*!40101 SET character_set_client = utf8 */;
CREATE TABLE `order-items` (
  `id` int(10) unsigned NOT NULL AUTO_INCREMENT,
  `quantity` int(10) unsigned DEFAULT NULL,
  `orderCartId` int(10) unsigned NOT NULL,
  `productId` int(10) unsigned NOT NULL,
  `createdAt` datetime NOT NULL,
  `updatedAt` datetime NOT NULL,
  PRIMARY KEY (`id`),
  KEY `order_items_FK` (`productId`),
  KEY `order_items_FK_1` (`orderCartId`),
  CONSTRAINT `order_items_FK` FOREIGN KEY (`productId`) REFERENCES `products` (`id`) ON DELETE CASCADE,
  CONSTRAINT `order_items_FK_1` FOREIGN KEY (`orderCartId`) REFERENCES `order_carts` (`id`) ON DELETE CASCADE
) ENGINE=InnoDB AUTO_INCREMENT=7 DEFAULT CHARSET=utf8mb4;
/*!40101 SET character_set_client = @saved_cs_client */;

--
-- Dumping data for table `order-items`
--

LOCK TABLES `order-items` WRITE;
/*!40000 ALTER TABLE `order-items` DISABLE KEYS */;
/*!40000 ALTER TABLE `order-items` ENABLE KEYS */;
UNLOCK TABLES;

--
-- Table structure for table `order_carts`
--

DROP TABLE IF EXISTS `order_carts`;
/*!40101 SET @saved_cs_client     = @@character_set_client */;
/*!40101 SET character_set_client = utf8 */;
CREATE TABLE `order_carts` (
  `id` int(10) unsigned NOT NULL AUTO_INCREMENT,
  `state` tinyint(1) unsigned NOT NULL,
  `userId` int(10) unsigned NOT NULL,
  `createdAt` datetime NOT NULL,
  `updatedAt` datetime NOT NULL,
  PRIMARY KEY (`id`),
  KEY `order_carts_FK` (`userId`),
  CONSTRAINT `order_carts_FK` FOREIGN KEY (`userId`) REFERENCES `users` (`id`) ON DELETE CASCADE
) ENGINE=InnoDB AUTO_INCREMENT=4 DEFAULT CHARSET=utf8mb4;
/*!40101 SET character_set_client = @saved_cs_client */;

--
-- Dumping data for table `order_carts`
--

LOCK TABLES `order_carts` WRITE;
/*!40000 ALTER TABLE `order_carts` DISABLE KEYS */;
/*!40000 ALTER TABLE `order_carts` ENABLE KEYS */;
UNLOCK TABLES;

--
-- Table structure for table `products`
--

DROP TABLE IF EXISTS `products`;
/*!40101 SET @saved_cs_client     = @@character_set_client */;
/*!40101 SET character_set_client = utf8 */;
CREATE TABLE `products` (
  `id` int(10) unsigned NOT NULL AUTO_INCREMENT,
  `name` varchar(70) NOT NULL,
  `price` decimal(10,2) unsigned NOT NULL,
  `discount` int(10) unsigned NOT NULL DEFAULT 0,
  `description` text NOT NULL,
  `tasting` text DEFAULT NULL,
  `origin` varchar(45) DEFAULT NULL,
  `stock` int(10) unsigned NOT NULL DEFAULT 0,
  `categoryId` int(10) unsigned NOT NULL,
  `createdAt` datetime NOT NULL,
  `updatedAt` datetime NOT NULL,
  PRIMARY KEY (`id`),
  KEY `categoryId` (`categoryId`),
  CONSTRAINT `products_ibfk_1` FOREIGN KEY (`categoryId`) REFERENCES `categories` (`id`)
) ENGINE=InnoDB AUTO_INCREMENT=76 DEFAULT CHARSET=utf8mb4;
/*!40101 SET character_set_client = @saved_cs_client */;

--
-- Dumping data for table `products`
--

LOCK TABLES `products` WRITE;
/*!40000 ALTER TABLE `products` DISABLE KEYS */;
INSERT INTO `products` VALUES (1,'Whisky Single Malt Jura Diurachs 16 Años 700ml',41799.00,5,'La destilería de la Isla de Jura no tiene razón de ser económicamente hablando, porque se encuentra situada en una isla frente a la costa de otra isla. Los grandes camiones tienen que pasar por estrechas carreteras secundarias y trasladarse en un transbordador de vehículos para llevar el grano y recoger el whisky. Además deben transportar los productos de desecho de la destilería, que no pueden verterse al mar. Pero gracias a destilerías como Jura, el mundo del whisky es tan diverso y estimulante. Jura 16 añoses uno de sus mejores exponentes.','Vista: Ámbar con tonos cobrizos.','Escocia',10,1,'2022-03-11 00:00:00','2022-03-12 22:30:54'),(2,'Whisky Single Malt The Dalmore 12 Years. Botellón de Litro',39000.00,10,'The Dalmore 12 Años, envejece durante un período inicial de nueve años en barricas de roble blanco americano ex-bourbon antes de ser dividido cuidadosamente. Una mitad continúa su maduración en barricas de bourbon mientras que la otra mitad se transfiere a barricas de Matusalem Oloroso de 30 años. The Dalmore 12 Años es complejo, aunque equilibrado. Es la personificación del estilo de la casa Dalmore. ','Vista: Dalmore ha optado por mantener la misma estética en todas sus botellas, a veces con un ligero cambio del icono de la casa del primer propietario: el ciervo de doce puntas. En copa, posee el color del oro antiguo que no llega al caoba de otras ediciones.\r\n\r\nNariz: Encontraremos vainilla acompañada de naranja y jerez. También podremos detectar hierba y notas muy sutiles de madera y cuero.\r\n\r\nPaladar: Nos gustó especialmente su cuerpo, suave y aterciopelado. En cuanto al sabor es bastante dulce, con notas predominantes de jerez, miel, vainilla y naranja. También hay matices de nueces.\r\n\r\nFinal: No es un final demasiado corto… . La vainilla desaparece casi por completo para dar paso a naranjas amargas.','Escocia',15,1,'2022-03-11 00:00:00','2022-03-11 23:26:37'),(3,'Whisky Single Malt Glenfiddich 12 Años Botellón De Litro.',16899.00,0,'Glenfiddich 12 años es uno de los whiskies de malta mas vendidos del mundo y no sin motivo, envejecido durante 12 años en barricas de roble americano y europeo. Este whisky de malta de 12 años es el mas básico de toda la gama y sin embargo tiene una calidad realmente muy buena.','Color: Dorado paja.\r\n\r\nNariz: Fresco y elegante, apareciendo notas de fruta blanca como la pera y notas de madera suaves.\r\n\r\nBoca: Las notas dulces de nariz se vuelven más secas pero persisten las de fruta blanca junto con notas de madera e incluso minerales.\r\n\r\nFinal: Es largo y persistente dejando suaves recuerdos. Excelente.','Escocia',5,1,'2022-03-11 00:00:00','2022-03-12 00:01:45'),(4,'Whisky Single Malt Laphroaig 10 Años 40% abv De Litro',22499.00,0,'Destilado en la remota isla de Islay, al oeste de la costa de Escocia, Laphroaig es el whisky con mas rico sabor de todos los whiskies escoceses\r\n\r\n\r\nEl Laphroaig 10 años es un whisky escocés elaborado con malta pura procedente de la  isla de Islay, en las Islas Occidentales de Escocia.\r\n\r\nLaphroaig, pronunciado \"La-froyg\", es una palabra gaélica que significa \"el bello hueco de la amplia bahía\" Cuando se elabora el Laphroaig, se deja secar la cebada malteada sobre una fogata de turba. El humo de la turba, que sólo se encuentra en Islay, aporta al Laphroaig ese sabor que tanto le caracteriza.\r\nLaphroaig 10 Years está elaborado con cebada cultivada por la propia destilería. La turba se encuentra en las orillas del lago lo que le proporciona ese aroma tan marino. Las barricas en las que envejece son de roble americano (Kentucky) de Bourbon de primer relleno.\r\nMuy premiado. El último premio recibido es la Medalla de Plata y la distinción Mejor de su clase en el International Wine & Spirits Competition en su edición de 2008.','Vista: Color dorado intenso y brillante con ribetes cobrizos.\r\n\r\nNariz: Potentes aromas de yodo, turba y medicinales. Toques especiados que le dan dulzor.\r\n\r\nBoca: Entrada suave pero llena de sabores que nos llenan la boca de sensaciones. Madera escasa pero justa junto a los medicinales y los ahumados. Paso seco.\r\nFinal: Extraordinariamente largo con postgusto lleno de ahumados y yodados. Dulzor residual y amable.\r\n\r\nUn gran clásico de los  Islay.    ','Escocia',8,1,'2022-03-11 00:00:00','2022-03-12 00:06:35'),(5,'Whisky Single Malt Glenfiddich Ipa Experiment ',34899.00,0,'Glenfiddich decidió aventurarse y combinar el mundo del whisky con el de la cerveza con su reciente serie experimental “IPA Experiment” de 43% ABV, el cual solo fue añejado por tres meses en barricas que fueron usadas para la IPA de la cervecería escocesa Speyside Craft Brewery.\r\n\r\nTodo partió cuando Brian Kinsman, Malt Master de la destilería conoció al cervecero Seb Jones y de inmediato conectaron con la idea que Brian sugirió para crear un nuevo Glenfiddich terminado en barricas de IPA. Pero para darle aún más un toque cervecero, añadieron lúpulos británicos Challenger en la elaboración y para Dry- Hopping, los cuales fueron elegidos luego de realizar una degustación de Single Hop.','Nariz: Una elegante armonía de manzana verde fresca, pera de William y flor de primavera. Complimented con lúpulo aromático y hierbas frescas. \r\n\r\nBoca: Vibrante con una nota zumo de cítricos seguido de vainilla cremosa y un toque de lúpulo fresco. \r\n\r\nFinal: Suavidad duradera con un eco de lúpulo verde.','Escocia',25,1,'2022-03-11 00:00:00','2022-03-12 00:09:37'),(6,'Whisky Single Malt Glen Elgin 12 Años. 750ml En Estuche',11899.00,0,'En las cañadas verdes de Speyside, han nacido cerca de 100 destilerías de whiskies de malta, muchas de las cuales como Glen Elgin corresponden a los años de auge de fines del Siglo XIX. Su diseñador el arq.Charles Doig, efectuó una predicción apocalíptica: que ésta sería la última destilería construida en Speyside en 50 años. Incluso pasaron 10 años más antes de que Tormore fuera la próxima. Más allá de esta anécdota, Glen Elgin es una buena malta que durante muchos años fue utilizada para el blending de White Horse. \r\nA comienzos de los ´60, los dueños invirtieron sumando 4 nuevas destilerías a las 2 originales, y así Glen Elgin pasó a estar disponible como un single malt. En 1977 comenzó su exportación sobre todo a Italia y Japón, y actualmente forma parte de las Hidden Malts de Diageo.','Color: Glen Elgin 12 Years presenta un color oro.\r\n\r\nBoca:  Cuenta con un marcado aroma ahumado, con notas de almendras y mazapán. \r\n\r\nPaladar: Sabores intensos y balanceados.','Escocia',10,1,'2022-03-11 00:00:00','2022-03-12 00:13:44'),(7,'Whisky Single Malt Balblair Vintage 1989 23 Años 46% abv.',138649.00,20,'Balblair es tan exclusivo que únicamente los whiskies que han logrado alcanzar los exigentes parámetros de calidad se embotellan, siendo responsabilidad de John Macdonald la selección de las mejores barricas. El parque de barricas está compuesto en un 95% por barricas americanas que han tenido Bourbon y un 5% de barricas que han tenido Jerez.\r\n\r\nEste whisky de malta Balblair 1989, de color ámbar con suaves destellos dorados color miel, es un whisky con cuerpo y aroma de pasas, manzana verde y notas de plátano y limón. Los barriles de roble americano utilizados durante el envejecimiento del destilado conceden un cálido aroma de caramelo y vainilla...\r\n\r\nEn el paladar abundan las características típicas de Balblair. Fruta madura con una nota de pasas emborrachadas en Jerez. Todo ello unido a su deliciosa nota picante, conceden un acabado característico largo en boca, complejo y, en última instancia, suave.','Color: Ámbar con destellos dorados de miel.\r\n\r\nNariz: Gran cuerpo con toques de pasas, manzana verde, plátano y limón.\r\n\r\nPaladar: Pasas y frutas con especias.\r\n\r\nFinal: Acabado suave, complejo y largo en boca.','Escocia',20,1,'2022-03-11 00:00:00','2022-03-12 14:40:59'),(8,'Whisky Single Malt Macallan Edition N °4 Edición Limitada.',193899.00,0,'The Macallan ha desvelado su segundo gran secreto del año: Edition Nº 4, la nueva edición limitada de su whisky. Este cuarto lanzamiento que pertenece a la serie “Edition” destacar el carácter artesanal y hace referencia al excepcional diseño de la nueva destilería de The Macallan recién inaugurada.\r\n\r\nDemostrando su maestría en la elaboración de este líquido desde 1824, Edition Nº 4 ahonda en el proceso de creación del whisky, exponiendo cada detalle de su elaboración de cara a lograr transparencia. Es una continuación de la historia de The Macallan y sus excepcionales barricas de roble, así como de la destreza que existe detrás de la perfecta selección de las botas que dan como resultado el sabor, aroma y carácter de este whisky.\r\n\r\nEsta edición limitada de whisky se ha formado gracias al uso de barricas excepcionales de roble, siendo las grandes contribuyentes de la extraordinaria calidad del whisky, sus colores, aromas y sabores distintivos. El Maestro Destilador de la marca, Nick Savage, ha seleccionado cuidadosamente las barricas para otorgarle un sabor de perfil actual, pero manteniéndose fiel a la maduración de The Macallan en las barricas de roble de vino jerez. La especial atención al detalle y a la calidad en la selección de barricas de roble influye significativamente en el whisky, dando como resultado un carácter y abanico de aromas sorprendentes. Elaborado a partir de la combinación de barricas de roble europeo y americano, Edition Nº 4 presenta un vivo, vibrante y revitalizante single malt cuyas notas de entrada recuerdan a la miel, caramelo dulce y frutas cítricas.\r\n\r\n','»Color: Ámbar oscuro con reflejos caobas.\r\n\r\n»Nariz: Miel y caramelo se ven ocultas tras los aromas de canela, jengibre y nuez moscada.\r\nNotas de naranjas secas y café. Un toque dulce de melocotón y manzanas acompañadas de roble tostado.\r\n\r\n»Boca: Es espeso y de cuerpo medio. Como en la nariz, destaca su lado especiado, con fuertes notas de nuez moscada, jengibre y clavo fresco. Le acompañan dulces notas de vainilla y miel para pasar al lado más afrutado. Manzanas caramelizadas, mermelada de naranja, orejones y sultanas.\r\n\r\n»Final: Largo, dulce y afrutado, con un toque especiado.','Escocia',10,1,'2022-03-11 00:00:00','2022-03-12 14:47:25'),(9,'Whisky Strathisla 2005 Embotellado Por Gordon & Macphail.',29819.00,15,'Lanzado como parte de las etiquetas de la destilería de Gordon y de MacPhail, éste es un whisky escocés de malta única de Strathisla del 2005. Fue embotellada en 2016 con etiquetas de estilo retro.','Nariz: Sherry influye con manzana al horno y melaza inicialmente, café molido y cacao en polvo aromas se complementan con notas cítricas. matices florales de flores de saúco están presentes..\r\n\r\nPaladar: Picante con manzana verde, mermelada de naranja, plátano y sabores. Un toque de chocolate oscuro se acompaña de raíz de jengibre en el final\r\n\r\nFinal: Medio con un borde aceitoso a nuez de Brasil.','Escocia',10,1,'2022-03-11 00:00:00','2022-03-12 14:50:01'),(10,'Whisky Single Malt Aberfeldy 12 Años. Con Estuche.',154000.00,50,'Característico Single Malt de las Highland.  Su rico carácter frutal que combina notas de manzana verde y piña y suave paso por boca determinan un perfil amable y equilibrado.\r\n\r\nProcedente del centro de las Higlands (la destilería se remonta a 1898), se utiliza ante todo para la utilización del Dewar\'s. Aromas a nueces y notas de nueces. Rico, un poco dulce, suave final. Por mas de 100 años la malta de Aberfeldy ha sido el alma para los blended whiskies. de la familia Dewar s. Ahora Aberfeldy 12 años, ganador de numerosos y prestigiosos premios internacionales,. esta disponible en estrictas cantidades limitadas. Aberfeldy 12 años es la habilidad de generaciones. de artesanos para producir un maravilloso whisky de malta única, marcado por su olor a miel. de brezo, cuerpo completo y sabor redondeado. De acabado seco y elegante con pronunciadas características. picantes y toques de naranjas de Sevilla.','Vista: color ámbar dorado\r\n\r\nNariz: destaca por su nariz melosa y aterciopelada, notas de nueces.\r\n\r\nBoca: gran cuerpo y gusto redondo. El final es seco y elegante, con notables características especiadas y un toque de naranjas de Sevilla. Un whisky robusto con tonos dulces.','Escocia',10,1,'2022-03-11 00:00:00','2022-03-12 14:51:46'),(11,'Whisky Single Malt Cardhu 12 Años Con Estuche.',11899.00,0,'Un equilibrado y suave single malt de Speyside. cardhu 12 años es un whisky de malta muy bien estructurado. Cuerpo ligero y suave, de estructura simple. Agradable tirando a ligero, notas de pera, notable dulzor del malteado y vainilla, final correcto.','Color: Miel dorada.\r\n\r\nAroma: Embriagadora, picazón de nariz, gotas de pera y brezo muy equilibrado, con notas de miel, hierba recién cortada y dulce de resina y frutos secos. Con un poco de agua, sigue siendo armonioso pero menos pronunciado, lo que permite que aparezcan notas de cereal de malta, suave madera especiada y leves trazas de humo de madera. Su cuerpo es suave, agradable y equilibrado.\r\n\r\nPaladar: Bien equilibrado, boca suave, fuerza breve, dulce y fresco, y luego un acusado efecto secante. Se puede tomar a cualquier hora, sin o con un poco agua. \r\n\r\nFinal: Corto, humo dulce y algo persistente en el regusto atractivo y secante. ','Escocia',10,1,'2022-03-11 00:00:00','2022-03-12 14:53:37'),(12,'Whisky Single Malt Tomatin 18 Años 750ml. En Estuche',55199.00,0,'Desde las Highlands de Escocia les presentamos este excelente Single Malt Whisky Tomatin 18 Años: Este Single Malt ha envejecido un mínimo de 18 años, y ha sido introducido, un tiempo determinado, en barriles Españoles de Oloroso, para producir un whisky exquisito.\r\n\r\nEste single malt (no filtrado en frio) tambien ha sido mega premiado alrededor del mundo, siendo acreedor de la Medalla de Oro en el International Wine & Spirits Competition como mejor single malt del mundo en su categoria por solo nombrar su ultimo premio.','Nariz: Intenso y con mucho espíritu al principio, seguido con un estallido de dulzor con un toque a jerez, todo esto acompañado con un trasfondo a manzana, canela, vainilla, un toque almibarado con un discreto rescuerdo¿ahumado.\r\n\r\nSabor: Dulce y azucarado al principio, con un¿toque a madera de roble. Se desenvuelve en la boca con¿un aroma a cítricos y a chocolate puro. Produce un largo y persistente placer que acaba con un calido final que deja la boca lista para seguir con sucesivas degustaciones.','Escocia',10,1,'2022-03-11 00:00:00','2022-03-12 14:54:04'),(13,'Whisky Bowmore 15 Años Golden & Elegant Islay Single Malt.',29799.00,25,'Otro hermoso embotellado de una de las destilerías más antiguas de Escocia, Bowmore en la isla de Islay. Este embotellado se llama \"Golden and Elegant\", una referencia al color y los sabores de la malta única. El whisky se produjo originalmente para el mercado minorista de viajes y se lanzó por primera vez en 2017.\r\n\r\nEnvejecido durante 15 años, este whisky combina los sabores ricos y dulces de vainilla de los primeros barriles de roble americano Bourbon, con el poderoso olor a turba por el que Bowmore es bien conocido. Los bebedores deben esperar aromas adicionales ligeramente florales y toques de nueces tostadas. Este whisky está embotellado al 43% de ABV, lo que le da un ligero impulso a los sabores.','Nariz: Vainas de vainilla frescas y caramelo salado. Toques de piel de limón y naranja.\r\n\r\nBoca: Un toque de arenque ahumado cuando se abre, lo que lleva a dulce de mar y cebada melosa.\r\n\r\nFinal: Humo de turba, otra explosión de cítricos.\r\n\r\nConclusión del Bowmore 15 años dorado y elegante:\r\nEl Bowmore 15 Years Golden & Elegant es una malta única perfectamente equilibrada, que se caracteriza por notas de humo, cítricos frescos y un matiz de vainilla.\r\n¡Un Single Malt muy rico!','Escocia',10,1,'2022-03-11 00:00:00','2022-03-12 22:32:23'),(14,'Whisky Single Malt Old Pulteney 12 Años',24749.00,5,'Envejecido en barricas de roble que han contenido bourbon americano y secadas a la intemperie, Old Pulteney Reserva 12 años es el buque insignia de la familia Old Pulteney. Tradicionalmente elaborado a mano usando técnicas que otras destilerías han abandonado hace mucho tiempo, este ganador de numerosas medallas de oro en los concursos mas prestigiosos del mundo es una marca de agua de  alcoholes de calidad.\r\n\r\nFundada en 1826 por James Henderson en Wick, la destilería Pulteney es una de las mas al norte de todo el territorio británico.','Color: Ámbar intenso, con ligeros reflejos dorados.\r\n\r\nNariz: De media a alta intensidad, seco con un salado toque de aire del mar.\r\n\r\nPaladar: Dulce, floral, cítrico, limón y lima mas piel de banana seca. Suave y agradablemente salado.','Escocia',10,1,'2022-03-11 00:00:00','2022-03-12 15:03:32'),(15,'Whisky Single Malt Glen Moray Classic En Estuche.',5499.00,0,'Exhibe el estilo clásico de la region, notas lácteas, de cebada y especias y una boca muy amable, con final fragante y dulzón, facil de beber.\r\n\r\nGlen Moray Classic,  es de malta única de nível de entrada de la destilería, envejecido  durante un promedio de siete años en barricas de ex Bourbon.\r\n\r\nGlen Moray es un whisky de malta de calidad procedente del corazón del Speyside. El espirituoso es madurado en barricas de bourbon procedentes de Estados Unidos que producen un whisky rico y especiado.','Color:  tiene un ligero color de oro. \r\n\r\nNariz: En toda su fuerza, el aroma es fragante y ligeramente secado con calentamiento de notas maltosas. La primera impresión es de caramelo y de la tarta dulce con notas herbales, de hierba fresca. Cuajada de limón y merengue que se descubren en el fondo. Con agua, malta y especias se combinan para revelar la harina de avena con una pizca de pimienta recién molida negra. hierba de limón, de petróleo y de brezo del árbol del té aromáticos dan al whisky una fragancia en todo. \r\n\r\nPaladar: La sensación en boca es ligeramente especiada con un calentamiento y suavemente efecto de boca que se hace agua. Dulzor del caramelo Maltos está presente en todas partes con grosellas negras y una hierba de limón cítrica con fragante sabor. ','Escocia',10,1,'2022-03-11 00:00:00','2022-03-12 15:06:25'),(16,' Whisky The Yamazaki Distiller\'s Reserve.',76899.00,0,'Suntory  ha decidido lanzar dos single malts nuevos sin expresión de edad. Las nuevas expresiones, llevan por nombre Yamazaki Distiller’s Reserve y Hakushu Distiller’s Reserve.\r\n\r\nLa compañía ha decidido abrir “el próximo capítulo del whisky japonés” con estas nuevas expresiones. Con ambos single malts, envejecidos entre ocho y veinte años, el grupo japonés pretende destacar el perfil de sabor antes que la edad. Keita Minari, Senior Brand Manager de Suntory Europa, afirma“Apartarnos de la edad nos da la flexibilidad necesaria para encontrar el sabor que queremos”.\r\n\r\nEn Yamazaki nació la delicada y sorprendentemente profunda experiencia del whisky japonés single malt. Espiritual e íntimo gusto con múltiples matices que los conocedores de whisky en el mundo aprecian.\r\nEn la actualidad, Yamazaki no solo es el whisky single malt número uno en Japón, sino que también es apreciado en más de 30 países.\r\n\r\nYamazaki es el nombre de un lugar. Yamazaki es el nombre de una destilería. Yamazaki es el nombre de un whisky single malt que representa todo esto: naturaleza, historia y tradición.\r\n\r\nYamazaki es la destilería de whisky más antigua de Japón, establecida en 1923 por el fundador de Suntory, Shinjiro Torii. Inspirado por la tradición del whisky escocés, Torii imaginó una forma distintivamente japonesa de aproximarse a la fabricación para obtener un whisky único. Para ello, eligió una ubicación con una topografía y clima únicos, para convertirla en el lugar de nacimiento del whisky japonés.','Vista: Es de color dorado brillante.\r\n\r\nNariz: Ofrece notas de fresa, cereza y roble.\r\n\r\nBoca: Notas de frambuesa y coco.\r\n\r\nFinal: Es largo.\r\n\r\nSegún Shinji Fuyuko, master blender de Suntory, Yamazaki Distiller’s Reserve es un vatted de whisky envejecido en barricas de vino de Burdeos (roble francés), de Jerez, de roble americano y barricas Mizunara (roble japonés); al que han añadido un poco de malta ahumada. Según la destilería, este single malt, esta embotellado al 43% de volumen.\r\n\r\nUn Single Malt Exquisito!','Japón',10,2,'2022-03-11 00:00:00','2022-03-12 15:08:30'),(17,'Whisky Blended Japonés Hibiki 12 Años.',58449.00,0,'Presentación: Extraordinaria botella tipo decantador, con 24 caras, representando las 24 horas del reloj y los 24 periodos solares según el calendario lunisolar japonés. El nombre Hibiki, que significa armonía, está centrado en la etiqueta de papel tradicional, Echizen, hecho a mano.\r\n\r\nGraduación: 43 %\r\n\r\nVolumen: 70 cl.','Color: Hibiki 12 years es color ámbar.\r\n\r\nNariz: Muy frutal, con naranjas maduras, pastel de manzana, mermelada y las ciruelas. Aromas frescos madreselva y el turrón, almendras garrapiñadas, bizcocho, azúcar glas. Expresivo y emocionante. \r\n\r\nSabor: Suave como una bola de billar, con el grano fresco delicioso, taninos de roble y delicadamente malta. Algunos toques de cáscara de clavo de olor, pimienta y mixtos, el jerez se adelanta. Los cítricos es aquí también, aunque un poco más agrio como el limón o pomelo. Las especias, cáscara de manzana y los últimos restos del grano finamente sintonizada. Nada lo domina, todo en su lugar - la integración y el equilibrio son bastante notables. Las especias parecen crecer en intensidad en el final. ','Japón',10,2,'2022-03-11 00:00:00','2022-03-12 15:08:58'),(18,'Whisky Mars Iwai TRADITION',31899.00,0,'Este whisky mezclado japonés proviene de la malta y el grano. Se destila en la destilería más alta de Japón, Mars Shinshu Distillery, fundada por la familia Hombo, ubicada a 798 metros, en una cadena montañosa de Nagano. El whisky lleva el nombre de Kiichiro Iwai, conocido como \"El pionero silencioso del whisky de Japón\", y el antiguo mentor de Masataka Taketsuru, el fundador de Nikka y Suntory Whiskey. Este espíritu impulsado por la malta es realmente un reflejo del whisky japonés contemporáneo. Increíblemente equilibrado, suave y en capas. Una mezcla de barriles de jerez, bourbon y vino con toques delicados de turba lo convierten en un whisky armonioso que enorgullecería a Iwai-san.','»Color: Caramelo.\r\n\r\n»Nariz: Notas de sherry, turba y malta\r\n\r\n»Boca: Picante con sabores de cereza madura, miel y toffee con una hermosa especia de jengibre.\r\n\r\n»Final: Largo, crujiente y redondeado.','Japón',10,2,'2022-03-11 00:00:00','2022-03-12 17:54:24'),(19,'Whisky Blended Hibiki Harmony 700ml.',42899.00,0,'Para homenajear al primer blend de whisky japonés, Suntory ha lanzado Hibiki Japanese Harmony. La nueva expresión se ha creado con más de 12 whiskies de malta y de grano de las destilerías deYamazaki, Hakushu y Chita.\r\n\r\nHibiki fue creado para ser el paradigma de la mezcla de Suntory. El Nombre Hibiki literalmente significa \"resonancia\" en japonés, y refleja la Filosofía de la empresa Suntory \"vivir en armonía con la gente y la naturaleza.\" Hibiki celebra la naturaleza japonesa y las sutilezas que se encuentran en las 24 estaciones del calendario tradicional, que se refleja en los 24 factes de su diseño de la botella. Hibiki es una mezcla armoniosa de innumerables malta y grano whisky de las destilerías de Suntory, que son meticulosamente mezclados para crear una orquesta llena de sabores y aromas.\r\n\r\nHibiki Armonía japonés es el epítome de la mezcla Hibiki. Esta mezcla sutil, noble y armoniosa cuenta con toques de Yamazaki Sherry Cask. Es una edición limitada exclusiva hará las delicias de cualquier conocedor de whisky.','Color: Ámbar\r\n\r\nNariz: Ciruela en almíbar, rosas, una dulzura amaderada\r\n\r\nPaladar: Mermelada de naranja, chocolate amargo, un ligero amargor\r\n\r\nFinal: Dulzor y acidez persistentes, especias y madera.','Japón',10,2,'2022-03-11 00:00:00','2022-03-12 17:55:06'),(20,'Whisky Nikka Miyagikyo Single Malt',63799.00,0,'Se trata de una sola malta de la destilería Miyagikyo, segunda destilería de Nikka construido en 1969. El fundador Masataka Taketsuru escogió este sitio en las montañas de Sendai para contrastar con su primera destilería, Yoichi, situado en la zona costera. El uso de menos de malta de turba y destilada en un alambique calentado por vapor indirecto, Miyagikyo malta tiene una frutosidad elegante y un aroma distintivo con una fuerte influencia barrica Sherry.\r\n\r\n','»Aroma: Malta de cebada, frutas exóticas (plátano), regaliz y alcanfor. Notas de madera quemada y las cenizas se depositan progresivamente sobre la paleta aromático. Mucho tiempo después, flores blancas y cera de abejas hacen su aparición. \r\n\r\n»Boca: La cebada malteada está en el centro del paladar, recubierto en herbácea, regaliz, especias (jengibre, canela) y tonos chocolate. Muy elegante, el paladar medio también ofrece un montón de energía y como se acerca a su fin, las hojas de tabaco fresco y el coco se entrelazan para crear una sinfonía de aromas naturales. \r\n\r\n»Final: largo, suave. Se evoca el aroma de las rosas marchitas. Taninos finos equilibran su carácter fuerte y picante (limón, pomelo). Se detiene en notas de tabaco, especias (cardamomo, jengibre), nueces tostadas y frutas cocidas (manzana, ciruela). ','Japón',10,2,'2022-03-11 00:00:00','2022-03-12 18:01:56'),(21,'Whisky Nikka Yoichi Single Malt',63799.00,0,'La destilería Yoichi se encuentra a 50 kilómetros al oeste de Sapporo, en la isla de Hokkaido. Combina la tradición con una estética que sólo los japoneses pueden lograr. Yoichi tiene una fuente de agua subterránea que se filtra a través de turba; la mejor agua que hay para la producción de whisky. Tiene su propio horno cubierto con chimeneas tradicionales con forma de pagoda. Los alambiques todavía son calentados por llama desnuda, un método tradicional que ha sido abandonado por la mayoría de las destilerías escocesas. La destilería Yoichi se encuentra a sólo un kilómetro del mar que contribuye al carácter complejo de este whisky, con sus notas saladas y ligeramente medicinales.','Aroma: De gran cuerpo, suave. Una turba suave suavemente recubre la paleta aromática en primera, crecimiento más potente con el tiempo, como el humo, el hollín y notas saladas trascienden la nariz inicial. Los aromas luego evolucionan hacia la fruta escarchada cítricos (limón, naranja), regaliz negro y especias (nuez moscada, jengibre), y abre con raíces y aromas ramitas secas. Embriagadora y florales (clavel, iris), que crece cada vez más complejo.\r\n\r\nBoca: Manzana madura en capas, nogal, salados caramelo, clavo, canela y chocolate negro. Aromas de turba, humo, especias, fruta fresca (melón, kiwi) almendras, nuez, que se suministra con creces. El paladar medio comienza con notas de chocolate, pero la turba pronto toma la delantera una vez más.\r\n\r\nFinal: Largo, sedoso que se desborda con la fruta madura (pera, ciruela mirabel, manzana). La turba comienza a tomar un carácter herbáceo y de malta, mientras que los sabores salados da el acabado mucha profundidad y frescura costera.','Japón',10,2,'2022-03-11 00:00:00','2022-03-12 18:02:59'),(22,'Whisky Yamazaki 18 Años Edición Limitada.',891599.00,0,'Este hermoso Yamazaki de Suntory de edición limitada de 18 años se presenta en un estuche de madera de paulownia en respeto a los serenos bosques de bambú que rodean la destilería de Yamazaki. El diseño refleja la delicada gracia de la cultura japonesa y la belleza de la naturaleza. ¡La botella también presenta la silueta de la destilería Yamazaki, lo que lo convierte en un gran coleccionable japonés!','Aroma: De gran cuerpo, suave. Una turba suave suavemente recubre la paleta aromática en primera, crecimiento más potente con el tiempo, como el humo, el hollín y notas saladas trascienden la nariz inicial. Los aromas luego evolucionan hacia la fruta escarchada cítricos (limón, naranja), regaliz negro y especias (nuez moscada, jengibre), y abre con raíces y aromas ramitas secas. Embriagadora y florales (clavel, iris), que crece cada vez más complejo.\r\n\r\nBoca: Manzana madura en capas, nogal, salados caramelo, clavo, canela y chocolate negro. Aromas de turba, humo, especias, fruta fresca (melón, kiwi) almendras, nuez, que se suministra con creces. El paladar medio comienza con notas de chocolate, pero la turba pronto toma la delantera una vez más.\r\n\r\nFinal: Largo, sedoso que se desborda con la fruta madura (pera, ciruela mirabel, manzana). La turba comienza a tomar un carácter herbáceo y de malta, mientras que los sabores salados da el acabado mucha profundidad y frescura costera.','Japón',10,2,'2022-03-11 00:00:00','2022-03-12 18:03:36'),(23,'Whisky Taketsuru 12 Años Pure Malt By Nikka',248789.00,0,'Este whisky es un Pure Malt o Blended Malt como se les\r\ndenomina en la actualidad en Escocia, fruto de la suma de los dos single malt de\r\nNikka: la fuerza y gran carácter del Yoichi se fusiona con la elegancia y finura de\r\nMiyagikyo. Ambos, masculino y femenino, tradicional e innovador, este Pure\r\nMalt ronde homenaje a su creador Masataka Taketsuru, el padre del whisky\r\nnipón.\r\n\r\nEl término Pure Malt se utiliza ya que no hay whisky de grano en el producto, solo whisky de malta.\r\n\r\nUna de las últimas botellas de Taketsuru 12 años disponibles. Recientemente, en 2020, Nikka anunció que también descontinuará las declaraciones de edad de Taketsuru','Color: Ambarino dorado con finos destellos cobrizos.\r\n\r\nAroma: Notas golosas de vainilla, miel y marcadas notas frutales, como melocotón en almíbar, orejones y uvas pasas; con un seductor fondo de cebada malteada y notas de madera de roble tostadas de la barrica, muy agradable, bien integrada.\r\n\r\nPaladar: Muy sabroso, seco y rotundo, con marcadas notas de madera de roble, toques especiados de pimienta negra, y de frutos secos como nueces y avellanas. Vigoroso, con un paso cálido algo picante pero no ardiente, con recuerdos balsámicos de eucaliptos y de regaliz.\r\n\r\nFinal: Largo, potente y corpóreo, que recuerda mucho el estilo rotundo de los maltas de Highland escoceses.\r\n\r\n​','Japón',10,2,'2022-03-11 00:00:00','2022-03-12 18:04:00'),(24,'Whisky Single Grain The Chita',25699.00,0,'Whisky japonés de grano único de la destilería Chita, una de la selección de fantásticas destilerías propiedad de Suntory. Esta es su expresión principal: un whisky madurado en una combinación de jerez, bourbon y (curiosamente) barriles de vino.','Nariz: Melón dulce, cítricos y cereal con miel.\r\n\r\nBoca: Bizcocho de vainilla y más miel. Un toque de flor de huerto.\r\n\r\nFinal: De longitud media, bastante picante.\r\n\r\n','Japón',10,2,'2022-03-11 00:00:00','2022-03-12 18:07:21'),(25,' Whisky Nikka From The Barrel 3 Litros Edición 80 Aniversario',479699.00,0,'Para conmemorar el 80 aniversario de Nikka, se ha lanzado esta botella gigante de edición limitada de 3 Litros. Nikka from the Barrel es una mezcla de whisky de malta madurado y whisky de grano que se combinan para crear un equilibrio armonioso, un sabor profundo y un aroma intenso. \"De la barrica\" se embotella con una fuerza de barrica del 51,4%.\r\n\r\nEsta botella de 3L viene con un soporte de madera y una pipeta.','Color: Ámbar.\r\n\r\nAroma: De inicio muy floral, apenas se nota el alcohol. Se desarrollan tonos ajerezados y de caramelo, miel y almendras. También frutas dulces, como la naranja y el albaricoque. Muy equilibrado, gran nariz.\r\n\r\nPaladar: Seco y cremoso, se notan bastante las especias. Se desarrollan la madera de roble, la malta, uvas y un toque de jerez. Añadirle agua no es buena idea, ya que se torna más alcohólico y pierde ligeramente el equilibrio mostrando más la presencia del roble.\r\n\r\nFinal: Largo y complejo, con la malta y las especias predominando.','Japón',10,2,'2022-03-11 00:00:00','2022-03-12 18:07:44'),(26,'Whisky Japonés The Yamazaki 12 Años Single Malt',97899.00,0,'Yamazaki es la destilería de whisky más antigua de Japón, establecida en 1923 por el fundador de Suntory, Shinjiro Torii. Inspirado por la tradición del whisky escocés, Torii imaginó una forma distintivamente japonesa de aproximarse a la fabricación para obtener un whisky único. Para ello, eligió una ubicación con una topografía y clima únicos, para convertirla en el lugar de nacimiento del whisky japonés.','Vista: La botella tiene un diseño muy clásico, casi antiguo. El color en copa es amarillo muy pálido.\r\n\r\nNariz: El whisky japonés siempre ha tenido como referente a los escoceses. No es de extrañar descubrir en ellos grandes similitudes con los maltas de Speyside. Sin embargo, una de las características de éste whisky es que fermenta más de lo habitual antes de la destilación, lo que le da una cremosidad y unos toques florales muy característicos. Además, podremos encontrar notas a frutas tropicales como la piña. Matices de cereal, galletas.\r\n\r\nPaladar: Intenso, rico y sedoso, de cuerpo medio. Sorprende debido a su edad y al color pálido. Éste whisky ha sido envejecido en una combinación de barricas de roble español, estadounidense y japonés, combinación que sin lugar a dudas se deja ver en nuestro paladar. Podremos encontrar miel, albaricoque y vainilla. También podremos notar sabores más sutiles como especias y frutos del bosque.\r\n\r\nFinal: Magnífico. Hay un verdadero festival de sabores dulces y perfumados. Melocotones, cerezas, nueces, flores silvestres, naranja, canela y vainilla. Largo y sedoso.','Japón',10,2,'2022-03-11 00:00:00','2022-03-12 18:08:39'),(27,'Whisky Japonés Nikka Pure Malt Black',41679.00,0,'Un ejemplo sorprendente de lo que el whisky japonés es realmente capaz de hacer. Un lote anterior fue premiado con 95 puntos por Jim Murray en su Biblia de Whisky.\r\n\r\n- Este malta contiene una alta concentración de malta de la destilería de Yoichi. Se caracteriza por ser fuertemente turboso, rico en sabor y de aroma firme. Esta whisky busca en características la cercanía con los whiskies escoceses.','Color: Oro viejo con destellos ámbar.\r\n\r\n-Aroma: Rico y fino, con notas fuertes a especias (pimienta), fruta madura (melocotones) y cáscara de limón. Aromas a humo y chocolate negro. \r\n\r\n-Boca: Vivaz y muy picante, fruta madura (pasas), regalíz, con un delicado amargor ahumado que gradualmente va desplegándose. \r\n\r\n-Final: Largo con notas de miel, brezo y especias dulces. Hay un agradable frescor vegetal (clorofila) con notas ahumadas que otorgan un final extra.\r\n\r\n​','Japón',10,2,'2022-03-11 00:00:00','2022-03-12 18:09:27'),(28,'Whisky Japonés Blended Tokinoka White Oak 500ml En Estuche',214000.00,0,'Tokinoka, equilibrio perfecto de diferentes single malts “Akashi” y una perfecta y equilibrada mezcla de estos diferentes single malts “Akashi” nos lleva a descubrir este gran whisky llamado “ Tokinoka”, que en japonés significa \"fragancia del tiempo\". Ensamblado con 75% single malt y 25% de whisky de grano, “Tokinoka” es la expresión de las habilidades gustativas y aromáticas de los japoneses: presición y equilibrio de sabores junto a una textura delicada.','Vista: Color Ámbar\r\n\r\n-Nariz: Muy afrutado con melocotón y albaricoques, frutos secos y una nota de miel y vainilla.\r\n\r\n-Paladar: Equilibrado y suave, seduce por su textura ligeramente aceitoso que le da cuerpo. Un poco de especia, perduran los frutos secos, albaricoque, melocotón, cereales y vainilla.\r\n\r\n-Final: Equilibrado con las notas de cebada malteada, crema, roble y vainilla.','Japón',10,2,'2022-03-11 00:00:00','2022-03-12 18:11:39'),(29,'Whisky Blended Japonés Togouchi 700ml Origen Japón',119499.00,0,'Togouchi es un whisky japonés mezclado de los productores Chugoku Jozo, que maduran su whisky en un túnel en lugar de un almacén. El nombre proviene de donde se encuentra el túnel, en la ciudad de Togouchi, que se fusionó con otras dos ciudades para crear una ciudad más grande llamada Akiota. \r\n\r\nEl whisky se añeja en barricas de jerez y el brandy, en un lugar único en el corazón de la región montañosa de Nishi Chugoku Sanchi. Este lugar es inusual un túnel con una longitud de 361 metros perforados en 1970 por la compañía ferroviaria japonesa JR, con el fin de ampliar la alineación de Kabe a Hamada en Shimane. Pero el proyecto nunca llegó a la realidad y el túnel ahora propiedad de la sala del pueblo Togouchi ha atraído el interés de Chugoku Jozo, sobre todo por sus condiciones ideales para el envejecimiento de shochu y el whisky con una temperatura constante de 14 ° C y una humedad del 80%\r\n\r\nEsta es su expresión sin edad comunicada, la Togouchi premium Blended Whisky japonés.','Color: Ámbar brillante.\r\nNariz: Coco dominante, notas de caramelo y frutas exóticas.\r\nPaladar: Textura ligera.','Japón',10,2,'2022-03-11 00:00:00','2022-03-12 18:25:01'),(30,'Whisky Blended Hibiki 21 Años',479999.00,0,'Presentada en 1994, para esta mezcla se eligen y mezclan meticulosamente las maltas excepcionales de al menos 21 años.\r\n\r\nLas maltas principales son Yamazaki madurados en barricas de jerez, a los que suman suaves whiskies de grano también de 21 años y elegidos con esmero.\r\n\r\nLa armónica composición de los whiskies excepcionales solo es posible gracias a la variedad que únicamente encontramos en Suntory\r\n\r\nPresentación: Extraordinaria botella tipo decantador, con 24 caras, representando las 24 horas del reloj y los 24 periodos solares según el calendario lunisolar japonés. El nombre Hibiki, que significa armonía, está centrado en la etiqueta de papel tradicional, Echizen, hecho a mano','Color: Bronce, cuerpo robusto.\r\n\r\nNariz: Aromas de pasas, higos y dulces dáties maduros con un toque de nueces de Brasil y la dulzura del cacao negro. \r\n\r\nBoca: Es un whisky robusto e intenso que equilibra a la perfección la dulzura de una bebida añeja con unas agradables y persistentes notas de madera.\r\n\r\nFinal: Largo y muy intenso.','Japón',10,2,'2022-03-11 00:00:00','2022-03-12 18:27:22'),(31,'Whisky Blended Grand Old Parr 12 Años 750ml En Estuche',3899.00,0,'Grand Old Parr, Es una de las marcas de whisky escocés originaras de la zona de Speyside, elaborado a partir de la combinación de 40 whiskies de malta, con una presencia especial de Cragganmore. En su elaboración se mantiene una tradición secular y sus procesos se cuidan hasta el último detalle. Blended con 12 años de envejecimiento.','Aroma:  Su nariz es dulce cebada maltada, pasas doradas, melocotón, canela, nuez moscada, cuero, sal marina, tierra negra mojada.\r\n\r\nGusto:  En boca es dulzura amielada y discreta, con caramelo y vainilla, madera de roble, nuez moscada e higos secos, alguna leve intuición a turba. Suave y delicado, casi carente del picor del alcohol.\r\n\r\nFinal:  De duración media, piel de naranjas confitadas, muy especiadas con canela que soporta un ligero roble y humo de turba.  ','Escocia',10,3,'2022-03-11 00:00:00','2022-03-12 18:28:38'),(32,'Whisky Dewar´s 12 Años, Botellón de Litro En Estuche',10499.00,0,'Dewar´s 12 años, A veces las mejores cosas de la vida son simples. Pero ir más allá en el envejecimiento de un Scotch Whisky hace que sea aún mejor. Fuimos pioneros en nuestro propio proceso de doble envejecimiento hace más de 100 años, poniendo el whisky de nuevo en las culatas después de la mezcla. De esta manera se envejece dos veces y se consigue un mezcla más suave, un sabor más completo y un acabado más duradero. Cuanto más tiempo pasan los whiskies conociéndose los unos a los otros, mejor es el resultado final. Así que después de 12 años, tenemos un whisky con miel, afrutado y realmente especial. Es una mezcla suave, afrutada y lujosamente rica. Devolvemos a nuestro Dewar´s 12 años a barriles de roble antiguos, y lo envejecemos de nuevo para que pueda madurar un poco más. Llamamos a este paso extra la \" Doble Maduración\"  el sabor permanece en el barril, creando una mezcla aún más suave, con un largo y persistente final.','Color: El hermosísimo color de la luz del sol, brillante y luminoso.\r\n\r\nNariz: Muy frutal, con peras verdes recién cortadas, melón, cáscara de naranjas y durazno. Miel, cebada malteada y dulce whisky de grano. Algo floral también, con poquísimo humo muy en el fondo.\r\n\r\nCuerpo: Ligero hacia medio.\r\n\r\nBoca: Extremadamente suave, muy cítrica, fresca y ligeramente picante. Cáscara de naranjas, duraznos, malta dulce y roble ligeramente tostado.\r\n\r\nFinal: Muy suave y persistente, con roble tostado y un toque de miel.','Escocia',10,3,'2022-03-11 00:00:00','2022-03-12 18:29:13'),(33,'Whisky Johnnie Walker Blue Label Tiffany',33489.00,0,'Creado con barricas seleccionadas a mano de los whiskies más raros y excepcionales, no hay otra experiencia sensorial que iguale a la de Johnnie Walker Blue Label. Inicia con un sabor a avellanas, miel, jerez y naranjas, para después liberar secretos como el jengibre, quinoto, sándalo y chocolate negro. Luego, la dulzura de la miel emerge, acompañada por toques de pimienta y frutos secos que dan paso a un final largo, duradero y suave de humo sutil perfectamente balanceado','Vista: Color oro con reflejos ámbar.\r\n\r\nNariz: Suave y delicado, con notas a caramelo, madera y chocolate.\r\n\r\nBoca: Aterciopelado y agradable, deja paso a notas de miel, nuez, avellanas, pétalos de rosa, vinos de  Jérez y naranjas.\r\n\r\nFinal: Equilibrado, duradero.','Escocia',10,3,'2022-03-11 00:00:00','2022-03-12 21:17:47'),(34,'Whisky Johnnie Walker Black Label 12 Años Botellón 3 Litros',39699.00,0,'Whisky Jhonnie Walker Black Label,  El Whisky Johnnie Walker Black Label es el whisky escoces deluxe más vendido del mundo y pertenece al grupo Diageo que también lleva Smirnoff, J&B, Jose Cuervo, Guinness, Tanqueray... El líquido, para este whisky, se obtiene en las mejores destilerías de Escocia, siendo envejecido en barricas de la mejor calidad. Cada whisky es envejecido de un modo ligeramente diferente debido a las características específicas de la madera, el clima y el lugar. La habilidad de los Maestros Destiladores consiste en lograr mezclar estos whiskies en uno que ofrezca un extraordinario abanico de sabores.','Vista: En vista se presenta color ambarino. \r\n\r\nNariz: se presenta con aromas de madera y fruta, con un leve picor dulce. Notas a vainilla. \r\n\r\nBoca: En boca se presenta dulce con un suave acabado amargo. Notas cremosas, a madera y caramelo.','Escocia',10,3,'2022-03-11 00:00:00','2022-03-12 21:18:34'),(35,'Whisky Blended Malt Monkey Shoulder. Botella De Litro',9899.49,0,'Con raices en la tradición del whisky de malta, Monkey Shoulder se inspira y elabora en honor a los hombres de malta de la casa William Grant, que son de los pocos que quedan que maltean la cebada a mano con un \"Sheil\" (pala de madera). \"Monkey Shoulder\" fue un apodo que se dió a una lesión temporal en el hombro que en ocasiones tenían los trabajadores del whisky hace muchos años como consecuencia de voltear el grano durante el proceso de malteado de la cebada. Los sistemas y las practicas moderas ya no producen dicha lesión.','Nariz: Encontramos delicadas notas florales que se entrelazan con el cítrico de una naranja y de frutas frescas suaves. Notas de miel de roble especiada envueltas con aromas de vainilla. \r\n\r\nBoca: Es dulce, encontramos la vainilla, el azúcar moreno, el toffee cremoso junto con notas de robles y algunas especies. \r\n\r\nFinal: Es largo y dulce. ','Escocia',10,3,'2022-03-11 00:00:00','2022-03-12 21:25:33'),(36,'Whisky Blended Ye Franciscan 12 Años 700ml En Estuche',19799.00,0,'e puede definir como un whisky escocés de lujo. Producido en una destilería de las laderas de Moray, en el noreste escocés, posee las características de los licores que pertenecen a la zona de Speyside.\r\n\r\nEsto es, se trata de un whisky elegante, sutil y complejo y con todas las características necesarias para ser considerado como un producto exclusivo. Envejecido en barricas de roble durante un mínimo de doce años, el licor alcanza una suavidad única, un buqué perfecto y un sabor cargado de sutileza.\r\n\r\nTodo en el proceso de fabricación del Ye Franciscan Scotch Whisky 12 está extremadamente cuidado, incluyendo el embotellado que se realiza a mano en un bonito decantador cerámico de estilo antiguo que contribuye a resaltar la calidad de este whisky escocés.','Color:  Color ambarino.\r\n\r\nPaladar: Aromas naturales, celestiales. \r\n\r\nSabor: Buen gusto final, suave y corto.','Escocia',10,3,'2022-03-11 00:00:00','2022-03-12 21:26:09'),(37,'Whisky Blended Johnnie Walker Xr 21 Años',25799.00,0,'Johnnie Walker XR 21 nace inspirado de unas notas escritas a mano sobre la mezcla de whiskies que dejó Sir Alexander Walker, el nieto del legendario Johnnie Walker.\r\n\r\nUna lujuriosa mezcla de reservas exclusivas añejadas en roble, incluyendo de la ahora tranquila destilería de Brora. Envejecido por un periodo de 21 años, este excepcional bleded aporta especias y calidez en el paladar con capas de complejidad para satisfacer el bebedor exigente de whisky.','Firme, balanceado y elegante, tiene notas intrigantes de intensidad que sorprenden y delitan. Miel dulce y especias con carácter se envuelven en un cálido toque ahumado. Cítricos, frutas maduras y caramelo entre notas de tabaco y pasas. El largo, suave y relajante final es complejo y fascinate - un sinnúmero de influencias que terminan con notas sutiles de turba.','Escocia',10,3,'2022-03-11 00:00:00','2022-03-12 21:34:11'),(38,'Whisky Dewar´s 18 Años The Vintage Botellón De Litro',37799.00,0,'Dewar\'s 18 años The Vintage, es un whisky con mezcla de diversas maltas y granos individuales de diferentes regiones de Escocia, madurado en barricas de roble al menos 18 años, mismo que le permite destacar su carácter único. El verdadera corazón de esta mezcla es Aberfeldy, una miel con fruta de malta de las altas tierra centrales, Royal Brackla y Macduff y de Speyside Craigellachie, Aultmore.','Nariz: Sándalo, fruta fresca. Cáscara de naranja, flores cortadas. Poco humo, dulce.\r\n\r\nBoca: Medio, equilibrado, bayas, cebada tostada.\r\n\r\nFinal: Largo, especiado, toque de roble.','Escocia',10,3,'2022-03-11 00:00:00','2022-03-12 21:34:37'),(39,'Whisky Chivas Regal Royal Salute 21 Años The Sapphire Flagon',24639.00,0,'El Chivas Royal Salute 21 años nació en el año 1953 para conmemorar la coronación de la reina Isabel II de Inglaterra y su nombre hace referencia a los 21 cañonazos que tradicionalmente dispara la Armada Real de ese país cuando se corona a un nuevo monarca.\r\n\r\nChivas Royal se caracteriza por un intenso color dorado, posee una expresión aromática muy compleja, con matices especiados y florales y un paso por boca sedoso y envolvente. Exige una degustación pausada, solo o añadiendo unas gotas de agua mineral.\r\n\r\nEl Chivas Royal Salute 21 años viene en una elegante botella de porcelana de Wade, es un whisky muy singular, que combina el carácter de algunos de los mejores maltas que se conserva en la destilería de Strathisla.','Color dorado intenso.\r\n\r\nEquilibrado, con fragancias dulces, madera, ligeramente ahumadas y florales, con un final profundo y cálido.\r\n\r\nEs persistente y con personalidad.','Escocia',10,3,'2022-03-11 00:00:00','2022-03-12 21:36:05'),(40,'Whisky Douglas Laing´s Big Peat Blended Malt Small Batch',18899.00,0,'es una notable mescla de whiskys de maltas únicas de la isla de Islay. Por supuesto, está orgullosamente sin colorante y sin filtración en frío, embotellado con una alta concentración de alcohol (46%), dando como resultado un espíritu naturalmente aceitoso que promete un increíble sabor a la boca. Con el alcohol de Caol Ila que trae dulzura, Bowmore el equilibrio perfecto, Ardbeg la calidad medicinal, terrosa y Port Ellen, un grado de elegancia, Big Peat representa todo lo que es Islay en una botella. Fred Laing nos dice que, por supuesto, hay un par de Secretos de Blender en Big Peat también - pero incluso después de unos cuantos drams, él no compartirá esa información - ¡y así sigue siendo nuestro pequeño secreto peaty!','Nariz: Abre fresco, salado y limpio, y se desarrolla de cebada malteada se secó sobre turba. Un carácter húmedo, terroso que es inmediatamente punchy.\r\n\r\nBoca: En boca se le detecta cenizas, alquitrán dulce, playas y chimeneas humeantes.\r\n\r\nFinal: Un final largo y persistente con el salado, regaliz picante, humo y cenizas aún más la hoguera.','Escocia',10,3,'2022-03-11 00:00:00','2022-03-12 21:37:46'),(41,'Whisky Chivas Regal 18 Años 200ml En Estuche',4499.00,0,'se obtiene con un proceso de la mezcla de los mejores whiskys añejos de Escocia, dejándose seguidamente envejecer durante 18 años, con lo cual el whisky consigue su calidad y propiedades.\r\nUna de las características más destacables de este whisky es su embalaje, ya que viene en un estuche totalmente opaco, para preservarle de la luz.\r\nOtra de las características de envasado es la de la propia botella, diseño realizado desde la propia bodega que deja clara su exclusividad.','Color: Ámbar oscuro.\r\n\r\nNariz: Intenso, notándose con claridad todos los matices, como madera y frutos secos, como anacardos o avellanas.\r\n\r\nBoca: Aterciopelado, muy delicado, con matices florales,.teniendo un toque final largo a madera y dulce.','Escocia',10,3,'2022-03-11 00:00:00','2022-03-12 21:38:27'),(42,'Whisky Chivas Regal Royal Salute 21 Años The Ruby Flagon',24615.00,0,'El Chivas Royal Salute 21 años nació en el año 1953 para conmemorar la coronación de la reina Isabel II de Inglaterra y su nombre hace referencia a los 21 cañonazos que tradicionalmente dispara la Armada Real de ese país cuando se corona a un nuevo monarca.\r\n\r\nChivas Royal se caracteriza por un intenso color dorado, posee una expresión aromática muy compleja, con matices especiados y florales y un paso por boca sedoso y envolvente. Exige una degustación pausada, solo o añadiendo unas gotas de agua mineral.\r\n\r\nEl Chivas Royal Salute 21 años viene en una elegante botella de porcelana de Wade, es un whisky muy singular, que combina el carácter de algunos de los mejores maltas que se conserva en la destilería de Strathisla. ','Color dorado intenso.\r\n\r\nEquilibrado, con fragancias dulces, madera, ligeramente ahumadas y florales, con un final profundo y cálido.\r\n\r\nEs persistente y con personalidad.','Escocia',10,3,'2022-03-11 00:00:00','2022-03-12 21:38:47'),(43,'Whisky Chivas Regal Revolve De Colección 750ml. En Estuche',31899.00,0,'es fabricado con los mejores whisky de grano y malta de whisky de todo Escocia especializada en el estilo de la casa de la región de Speyside. El rico y lleno Strathisla malta whisky procedente de la destilería en funcionamiento más antiguo en las tierras altas se encuentra en el corazón de las mezclas de Chivas.','Color: Ámbar.\r\n\r\nAromas: Miel, fruta fresca, especias y cítricos con una base herbácea.\r\n\r\nSabor: Miel y madera con toques de caramelo y chocolate.\r\n\r\nFinal: Largo, persistente y dulce con sabor a roble y especias.','Escocia',10,3,'2022-03-11 00:00:00','2022-03-12 21:39:11'),(44,'Whisky Buchanan\'s Special Reserve 18 Años 750ml En Estuche',28539.00,0,'Muchos aficionados al blended scotch whisky objetan a los single malt debido a su aspereza y complejidad tanto en nariz como en paladar, al igual que sus prolongados finales en boca. Estos blended son bebidas diseñadas para ser fáciles de tomar y consistentes a lo largo de distintos lotes de producción.\r\n\r\nSin embargo, cuando los blended alcanzan los 18 años, esas diferencias empiezan a ser un poco difusas, aunque nunca desaparecen del todo. Un magnífico ejemplo de este fenómeno lo podemos apreciar en el Buchanan’s Special Reserve Blended Scotch Whisky Aged 18 Years','Vista: Color ámbar profundo.\r\nNariz: Aroma con ricas notas de chocolate negro con toques de caramelo, ciruela, miel y almendras.\r\nBoca: Sabor con notas de naranjas dulces, ciruelas, nueces y miel que cubren toda la boca, sutil con un toque ahumado.','Escocia',10,3,'2022-03-11 00:00:00','2022-03-12 21:41:15'),(45,'Whisky Mackinlays Shackleton Antartic Expedition Escocés',36899.00,0,'Mackinlays es una réplica casi exacta del whisky que dejó en la Antártida Sir Ernest Shackleton durante su expedición a la Antártida entre 1907 y 1909 y redescubiertos un siglo después. El whisky fue recreado hasta el último detalle en Whyte & Mackay de manera extraordinaria por Richard Paterson. La botella contiene whiskies de Speyside , Islays y las tierras altas, la receta incluso incluye algunos muy raros Glen Mhor de 1983.','Vista: Color ámbar profundo.\r\nNariz: Aroma con ricas notas de chocolate negro con toques de caramelo, ciruela, miel y almendras.\r\nBoca: Sabor con notas de naranjas dulces, ciruelas, nueces y miel que cubren toda la boca, sutil con un toque ahumado.','Escocia',10,3,'2022-03-11 00:00:00','2022-03-12 21:42:32'),(46,'Whisky Jack Daniels Honey',7899.00,0,'Jack Daniel\'s Tennesse Honey está elaborado con el auténtico Jack Daniel Nº 7 al cual se añade un licor de miel. Jack Daniel cumple con el proceso del Condado de Lincoln.\r\n\r\nJack Daniel cumple con el proceso del Condado de Lincoln, un proceso único que consiste en pasar el destilado a través de una capa de carbón de arce antes de ponerlo en barricas. Esto ayuda a retener los elementos más pesados y promueve la homogeneidad del destilado.','Vista: Jack Daniel\'s Honey presenta un color ámbar amarillo. \r\n\r\nNariz: En nariz se aprecia un ligero aroma de miel con notas de caramelo, carbón y la madreselva. \r\n\r\nBoca: Sabor a miel con toques de vainilla y madera de roble. El acabado es dulce y limpio.','USA',10,4,'2022-03-11 00:00:00','2022-03-12 21:46:30'),(47,'Whisky Jack Daniels Fire Botellón de Litro',7899.00,0,'Tennessee Fire es una nueva variante propuesta por Jack Daniel\'s para atraer tanto a un publico diferente como a los acostumbrados a la marca que buscan sensaciones fuertes.\r\n\r\nEste nuevo elíxir está compuesto por un licor de canela picante infusionado de manera natural que alcanza los 40º al que se le ha añadido el famoso whiskey Nº7 de la casa. El resultado es sin duda explosivo para los sentidos con un torrente de aromas y sabores totalmente nuevos y bastante originales.','Cabe recalcar que el whiskey con aroma a canela ha conocido en los últimos años un verdadero éxito entre los consumidores norteamericanos que buscan sabores novedosos.','USA',10,4,'2022-03-11 00:00:00','2022-03-12 22:03:46'),(48,'Whisky Bulleit Bourbon, Frontier Whiskey 700ml',8199.00,0,'Fundada en 1987 por Thomas Bulleit, esta destilería de Kentucky se caracteriza por destilar y envejecer en pequeños lotes, además de una receta especial de la familia Bulleit. Este whiskey artesanal ha alcanzado un lugar privilegiado en Estados Unidos, recibiendo numerosos premios (medallas y dobles medallas de oro en la  San Francisco World Spirits Competition y el reconocimiento de toda la industria.\r\n\r\nEstos whiskeys, elaborados con agua pura filtrada a través de piedra caliza, han  envejecido en barricas de roble americano durante 4 o 6 años, y han utilizado más centeno del habitual. Bulleit Rye Whiskey, creado en 2001 y como resultado de la evolución de Bulleit Bourbon, contiene hasta un 95% de centeno, frente al 51% que se exige para la categoría.','Color: Ámbar intenso.\r\n\r\nMariz: Vainilla, cremoso, especias como pimienta o clavo de olor y aromas a praliné.\r\n\r\nPaladar: Principio delicado y sedoso que continua con un cuerpo robusto, Incluye notas de miel, vainilla y praliné.\r\n\r\nFinal: Largo con notas frutales, caramelo y pimientas.','USA',10,4,'2022-03-11 00:00:00','2022-03-12 22:07:58'),(49,'Whisky Wild Turkey 81 Kentucky Straight',4599.00,0,'Utilizando una base de centeno que se somete a un proceso de destilación, se añeja en barricas de roble americano de las montañas de Ozark que resaltan sus sabores. Estos barriles se colocan en almacenes con una temperatura no controlada y se mantienen durante 6 a 8 años.\r\n\r\nAl abrir la botella se aprecia un aroma a vainilla y caramelo que deja paso a notas de roble tostado. En boca confirma lo ya captado en nariz y se aprecian además notas a pera madura. De final rico y especiado.','Vista: Color Ámbar profundo.\r\n\r\nNariz: Aroma intenso, con vainilla profunda, roble y una mezcla compleja de naranjas y caramelo.\r\n\r\nBoca: Sabor rico y poderoso con una explosión de vainilla, sabor de caramelo, notas de miel, azúcar moreno, con leves matices de tabaco. De final profundo, untuoso y persistente.','USA',10,4,'2022-03-11 00:00:00','2022-03-12 22:08:55'),(50,'Whisky Jack Daniels Gentleman Litro 40%abv',6515.00,0,'Gentleman Jack esta hecho de una única barrica de la destilería de Jack Daniel\'s, la destilería mas antigua registrada en América. Es un single whiskey, no una combinación de whiskeys mezclados juntos.\r\nA diferencia de otros whiskeys, \"Gentleman Jack\", es filtrado dos veces a través de carbón de Maple, antes y después del proceso de añejamiento, lo que produce su excepcional suavidad y sabor. El resultado es un singular Whiskey de Tennessee, con un ligero, excepcional liso sabor.','Color: Ámbar brillante.\r\n\r\nNariz:  De intensidad media, sus aromas son delicados. Una 1ra nariz a notas animales, para dar paso a la expresión de vainillas y roble. Luego complementan notas a caramelo, azúcar y leves a mantequilla. Con agua se abre bastante y mejora notablemente.\r\n\r\nPaladar: De cuerpo medio y aceitoso, su entrada es la más sedosa de todas las muestras catadas. En boca comienza más seco y evoluciona dulce. Aparecen integradas las notas a chocolate (bien destacado), vainilla, frutos secos, pasas, cereales, tostadas, y, junto a otras especiadas (regaliz) más leves.\r\n\r\nFinal: Medio-largo, su retrogusto es exquisito a café, chocolate, y algo de canela.','USA',10,4,'2022-03-11 00:00:00','2022-03-12 22:09:49'),(51,'Whiskey Bourbon Makers Mark, Botellón de litro',9599.00,0,'Es un whisky con estirpe, sólo para devotos del bourbon, excelentemente estructurado y combinación de sabores, suave y aterciopelado. Siempre demuestra equilibrio con el roble.\r\n\r\nMaker´s Mark es el primer bourbon premium del mundo. Lo que más sorprender a la vista, es su botella con un característico sello de lacre rojo.\r\n\r\nLa historia de esta pequeña botella, que guarda un gran tesoro en su interior es de esas historias que merecen escribirse. En 1780, Robert Samuels, tercera generación de inmigrantes escoceses-irlandeses, llegó a Kentucky. El era granjero y hacía su propio whisky para consumo personal.','Nariz: Encontramos trigo, nuez, plátanos, con agradables notas de frutas exóticas y miel. El roble nos ofrece elegancia y finura.\r\n\r\nBoca: Nos ofrece tonos tostados, a melaza. Se demuestra exuberante, profundo y agradablemente malteado. Se percibe la imprenta de la  nuez lo que le da una nota cremosa y a caramelo.\r\n\r\nFinal: Limpio y seco, cuanto más viejo más seco se vuelve. El caramelo se hace presente sobre las notas que nos aporta el roble, recordándonos un leve tono agridulce.','USA',10,4,'2022-03-11 00:00:00','2022-03-12 22:10:47'),(52,'Whisky Jack Daniels Old Nº7 Tennessee Whiskey',8499.00,0,'Jack Daniel es una destilería de whisky del Tennessee estadounidense, famoso por sus botellas cuadradas y etiqueta negro. La destilería fue fundada por Jack Daniel en 1866 en Lynchburg, Tennessee. Jack compró su negocio en 1895, decidió cambiar la forma redonda de la botella a la plaza que  pronto llegará a ser famoso. \r\n\r\nEn 1941, el estilo particular de bourbon producido en Tennessee es reconocido y un nuevo nombre nació: Tennessee whiskey. ','Color: Color ámbar. \r\n\r\nAroma: En nariz nos proporciona aromas especiados, a caramelos dulces y a licor de plátano. \r\n\r\nSabor: Sabor ahumado, muy suave y atercipelado en boca y un agradable dulzor muy típico. Goloso, con un final con mucho sabor a roble y suaves matices de cedro. ','USA',10,4,'2022-03-11 00:00:00','2022-03-12 22:11:23'),(53,'Whisky Wild Turkey 101 Kentucky Straight, Botellón De Litro',8199.00,0,'Durante más de 60 años, el legendario maestro destilador Jimmy Russell ha elaborado Wild Turkey 101 de la manera correcta. Con un alto contenido de centeno, este bourbon icónico es perfectamente envejecido en barricas de roble blanco americano con el carbón más profunda para obtener más carácter.\r\n\r\nEl bourbon había sido destilado, embotellado y añejado en Wild Turkey por generaciones antes de ser bautizado con el nombre del ave. Hoy la destilería sigue produciendo su bourbon añejado por 8 años con 50.5 por ciento de contenido alcohólico.','Vista: Color Ámbar profundo.\r\n\r\nNariz: Intenso, con vainilla profunda, roble y una mezcla compleja de naranjas y caramelo. \r\n\r\nBoca: Rico y poderoso con una explosión de vainilla, sabor de caramelo, notas de miel, azúcar moreno, con leves matices de tabaco.\r\n\r\nFinal: Profundo, untuoso y persistente. ','USA',10,4,'2022-03-11 00:00:00','2022-03-12 22:11:44'),(54,'Whisky Blanton´s The Original Single Barrel',69899.00,0,'Tomado de las secciones centrales o intermedias del famoso Warehouse H, el Original Single Barrel de Blanton fue designado una vez para embajadores, dignatarios y familiares y amigos del coronel Blanton. Hoy en día, todo el mundo tiene acceso al primer bourbon de un solo barril del mundo. El perfil gustativo es dulce, con notas cítricas y de roble. La nariz cremosa de vainilla está acompañada de caramelo, todo subrayado por las conocidas especias para hornear como el clavo, la nuez moscada o la canela. Blanton\'s Original estableció el estándar para los bourbons de un solo barril en 1984. Se recomienda servir solo o con hielo. Embotellado al 46,5% de alcohol por volumen.','Aroma: Aroma a especias de cítricos secos y piel de naranja con una insinuación a caramelo y vainilla.\r\nPaladar: Potentes notas de vainilla seca en armonía con toques de miel en medio de un fuerte caramelo y maíz.\r\n\r\nFinal: Compuesto por sabores de maíz y nuez moscada que regresan.\r\n\r\n\r\nEl caballo y el jinete de los tapones de nuestras botellas se han convertido en el distintivo del bourbon de barrica única de Blanton. La larga tradición y el rico legado de los caballos de Kentucky son análogos a los del bourbon. Hemos lanzado una edición para coleccionistas formada por ocho tapones diferentes y que muestran al caballo y al jinete en diversas poses y a distintos pasos. Cada tapón cuenta con una letra de la palabra Blanton, que se completa una vez se consiguen los ocho tapones.','USA',10,4,'2022-03-11 00:00:00','2022-03-12 22:12:01'),(55,'Whisky Jack Daniel\'s Estuche + 2 Vasos Originales',34499.00,0,'Jack Daniel es una destilería de whisky del Tennessee estadounidense, famoso por sus botellas cuadradas y etiqueta negro. La destilería fue fundada por Jack Daniel en 1866 en Lynchburg, Tennessee. Jack compró su negocio en 1895, decidió cambiar la forma redonda de la botella a la plaza que  pronto llegará a ser famoso. \r\n\r\nEn 1941, el estilo particular de bourbon producido en Tennessee es reconocido y un nuevo nombre nació: Tennessee whiskey. \r\n\r\nLa compañía es propiedad del grupo Brown-Forman Corporation desde 1957. \r\nHoy en día, la destilería tiene cinco alambiques para la producción de diferentes versiones de su whisky. La misma característica es que se filtra a través de una capa de carbón de madera de arce.\r\n\r\nLa suavización con carbón vegetal es el proceso utilizado para elaborar el Whisky Tennesse, como Jack Daniel´s. El proceso consiste en hacer pasar muy lentamente el whisky recién elaborado a través de grandes recipientes completamente llenos con unos 3 metros ( 10 pies ) de carbón de arce sacarino. El proceso dura 10 días, y durante este tiempo, el whisky absorbe la escencia del carbón, que refina la bebida y le proporciona un sabor y aroma único.','Color: Color ámbar. \r\n\r\nAroma: En nariz nos proporciona aromas especiados, a caramelos dulces y a licor de plátano. \r\n\r\nSabor: Sabor ahumado, muy suave y atercipelado en boca y un agradable dulzor muy típico. Goloso, con un final con mucho sabor a roble y suaves matices de cedro.','USA',10,4,'2022-03-11 00:00:00','2022-03-12 22:12:21'),(56,'Whisky Jack Daniels Silver Select',24999.00,0,'Jack Daniel\'s Silver Select, Tennessee Whiskey retorna a los antiguos días del arte de los destiladores cuando el whisky era creado y vendido en barriles, cada uno con su propio sabor. Cada barril de este whisky seleccionado de 50%Vol. de Alcohol es añejado en una única localización en el almacén donde el sabor y el color del Whiskey maduran de una forma extraordinaria y diferente. Como Silver Select es un whiskey single barrel, las botellas procedentes de una única barrica se diferencian del resto en matices de olor, color y sabor. Para remarcar este caracter distintivo, cada botella es etiquetada a mano con la partida, el número de barrica y su fecha de embotellado. Un Single Barrel único que sólo puede elaborar la destilería Jack Daniel\'s.','Color: Color ámbar. \r\n\r\nAroma: En nariz nos proporciona aromas especiados, a caramelos dulces y a licor de plátano. \r\n\r\nSabor: Sabor ahumado, muy suave y atercipelado en boca y un agradable dulzor muy típico. Goloso, con un final con mucho sabor a roble y suaves matices de cedro.','USA',10,4,'2022-03-11 00:00:00','2022-03-12 22:13:06'),(57,'Whisky Bourbon Four Roses Single Barrel 750ml',42799.00,0,'En 1884, Paul Jones Jr, trasladó su próspero negocio de Louisville, Kentucky, donde abrió una oficina en \"Whiskey Row.\" Cuatro años más tarde, se registró el nombre de Four Roses, alegando que la producción y las ventas de regreso a la década de 1860.\r\n\r\nFour Roses es la única destilería de Bourbon que combina cinco cepas de levadura de propiedad con dos mashbills separadas para producir diez distintas recetas Bourbon, cada uno con su propio carácter único, picante y sabores afrutados ricos.','Vista: Dorado Claro\r\n\r\nNariz: Afrutado, especiado, floral, caramelo, vainilla, cacao, jarabe de arce, moderadamente leñosa. \r\n\r\nBoca: Indicios de ciruelas maduras y cerezas, robusto, de cuerpo entero, suave. \r\n\r\nFinal: Suave y delicadamente suave.','USA',10,4,'2022-03-11 00:00:00','2022-03-12 22:13:50'),(58,'Whisky Wild Turkey American Honey',6499.00,0,'Un licor de bourbon de calidad hecho con Wild Turkey Kentucky Bourbon y miel pura. La miel americana fue nombrada como el mejor licor del whisky del mundo.\r\n\r\nWild Turkey El licor americano de la miel es un borbón liso que se mezcla con la miel salvaje para esa dulzura natural rica. Para los amantes del whisky de Borbón, pero con un toque más riqueza y un final largo y dulce con una textura sublime. No sólo es fantástico para beber puro, Wild Turkey American Honey es una adición perfecta a muchos cócteles premium.','Vista: Color Ámbar profundo.\r\n\r\nNariz:  Limpio, suave y brillante. Miel clara con un toque de mentol y eucalipto.\r\n\r\nBoca: Suave y suave fruta de miel. Sensación bucal suave.\r\n\r\nFinal: Suave y limpio, con la textura de miel rica persistente.','USA',10,4,'2022-03-11 00:00:00','2022-03-12 22:14:15'),(59,'Whisky Bourbon Maker´s 46 Kentucky 94 Proof',21539.00,0,'Maker’s 46 comienza siendo un Maker’s Mark totalmente maduro. A continuación, es sometido a un imaginativo acabado para producir audaces sabores a vainilla, roble y caramelo. \r\n\r\nTostar cuidadosamente duelas de roble francés e introducirlas en un barril de Maker’s Mark® totalmente maduro hace que se intensifiquen los azúcares caramelizados de la madera. ','Nariz: Toques de duelas de madera, caramelo y notas dulces.\r\n\r\nBoca: Sabores muy intensos; un gran crescendo de madera que combina a la perfección con profundas complejas y ricas notas de vainilla y caramelo.\r\n\r\nFinal: Largo y suave, comenzando en la parte trasera de la lengua y avanzando continuamente.','USA',10,4,'2022-03-11 00:00:00','2022-03-12 22:14:43'),(60,' Whisky Buffalo Trace Kentucky Straight, Botellón De Litro',8499.00,0,'Es un bourbon destilado, envejecido y embotellado en la más premiada destilería en el mundo. Hecho de los granos de maíz, centeno y  cebada de malta, madura en barricas nuevas de roble durante años en bodegas centenarias hasta el punto óptimo de madurez.\r\n\r\nSe ha de elaborar con una mezcla de cereales formada por un mínimo del 51% de maíz. El resto se trata de trigo, centeno o cebada malteada.\r\n\r\nSe ha de destilar a un máximo de 80 grados, debe tener un máximo de 62,5 grados cuando se procede a envejecer y se debe enbotellar a un mínimo de 40%.\r\n\r\nTiene un envejecimiento mínimo de 2 años (4 si en la botella no dice lo contrario) y no contiene caramelo ni colorantes externos.','Vista: Color ámbar intenso.\r\n\r\nNariz: Tiene un complejo aroma de vainilla, menta y melaza.\r\n\r\nBoca: Resulta placenteramente dulce en el paladar, con notas de azúcar moreno y especias que dan paso al roble, al caramelo, a fruta negra y a anís. Este whisky tiene un final largo y suave, con una gran profundidad.\r\n\r\nEl whisky Buffalo Trace Bourbon es considerado por algunos uno de los mejores bourbon de EEUU. La destilería Buffalo Trace es una de las más antiguas de Estados Unidos y también una de las pocas que durante la Ley Seca obtuvo permiso para seguir produciendo whisky. Por estas anécdotas y muchas más, una copa de Buffalo Trace es todo un capricho para cualquier amante del bourbon.','USA',10,4,'2022-03-11 00:00:00','2022-03-12 22:15:45'),(61,'Whisky Irlandés Connemara Single Malt 750ml. Con Estuche',35899.00,0,'Doble destilación por alambique de cobre. \r\nMaduración en barricas de bourbon de roble americano. \r\nCombinación de maltas jóvenes con maltas envejecidas para ofrecer el resultado deseado. \r\nAroma y sabor ahumados conseguidos del secado de la cebada germinada mediante humo de turba. \r\n\r\nÚnico whisky irlandés súper premium puro de malta de turba que recupera la antigua tradición de secar la malta sobre un fuego de turba, lo que le da ese particular aroma, muy característico entre algunos single malt escoceses pero nada común en los irlandeses. Es un whisky excepcional de carácter fuerte con aromas intensos a turba, almendras y especias, y sabor suave, delicado y equilibrado. ','Vista: Ligeramente dorado. \r\n\r\nNariz: Ahumado, matices a turba en perfecto equilibrio floral con un deje de miel y roble. \r\n\r\nBoca: Con un primer sabor suave de miel, seguido de una extraordinaria explosión de turba. Tiene un complejo equilibrio entre notas de vainilla y roble. \r\n\r\nFinal: Suave, leves toques ahumados. Madera de roble.','Irlanda',10,5,'2022-03-11 00:00:00','2022-03-12 22:16:38'),(62,'Whisky Irlandés Teeling Small Batch 700ml',14600.00,0,'Desde 1782 la familia Teeling ha estado elaborando whisky irlandés. Los Teeling son reconocidos por su visión en hacer las cosas de manera diferente y en su whisky encarnan este espíritu emprendedor.\r\n\r\n“Teeling Small Batch” es una cuidada selección de barricas que han madurado con ron de Flor de Caña . Esto añade un sabor adicional dulce y suave, que es único en el whisky irlandés.\r\n\r\nEmbotellado a 46% y sin filtrar en frío.','Nariz: Hierba cortada y azahar. La pimienta de Jamaica, toques de vainilla, pastel de manzana y moras.\r\n\r\nBoca: Especiado, rico paladar con jalea de pétalos de rosa y crema de limón. crema de vainilla, toques de hierbas secas y canela.\r\n\r\nFinal: Floral, acabado a base de hierbas. Caramelo.\r\n\r\nEn general: Una mezcla irlandesa deliciosamente cremosa, picante y rica.','Irlanda',10,5,'2022-03-11 00:00:00','2022-03-12 22:19:25'),(63,'Whisky Irlandes Redbreast 12 Años Cask Strength 58.2 % Abv',56000.00,0,'Este whisky irlandés, de una sola barrica, se madura en barriles Oloroso de primer llenado, no se filtra en frío y se embotella a la concentración del barril - Lote B1 / 17 58.2% ABV\r\n\r\n\"Para los amantes del estilo Redbreast de renombre, Redbreast 12 Cask Strength ofrece una idea de cómo el whisky sabe a medida que emerge directamente del barril en su estado natural, sin diluir y lleno de cuerpo\"','Color: Oro con reflejos brillantes.\r\n\r\nNariz: Muy fresco, juvenil. Es en frutas exóticas y en verano (piña, melocotón, plátanos) que canta su primer verso. El coro toma aire andaluz, en higos, dátiles, pasas y limón. Sobrio y cautivador con notas dulces de roble americano, bourbon de vainilla y canela.\r\n\r\nBoca: Al igual que la nariz, es codicioso en la dulzura de vainilla, notas de roble tostado y cebada malteada. Luego vienen reminiscencias de aceites esenciales, especias, limón y frutas secas.\r\n\r\nFinal: Especialmente largo, rica y compleja, una explosión de especias, frutas y, \"jerez en la torta\", caramelo para terminar de decreciendo en malta de cebada.','Irlanda',10,5,'2022-03-11 00:00:00','2022-03-12 22:19:49'),(64,'Whisky Single Grain Irlandés Teeling 700ml',44233.00,0,'Lanzado en 2013,  este Whiskey Single Grain Teeling ha madurado a término en los barriles de vino Cabernet Sauvignon de California, lo que resulta en un whisky especiado y frutal.\r\n\r\nRecientemente elegido como mejor whiskey de grano del mundo en los premios World Whiskies, 2014.\r\n\r\nBarricas seleccionadas a mano, se embotella al 46% sin filtrar en frio.','Nariz: Pulpa de manzana y uva roja, meloso, dulce y ligeramente floral con vainilla y especias fragantes y el azúcar moreno.\r\n\r\nBoca: Hay jarabe de melaza en el paladar,  mantequilla con el desarrollo de arándanos secos.\r\n\r\nFinal: Miel de caña y flan de huevo dulce ahora con cereales picante.\r\n\r\nEn general: Este es un whisky de grano muy agradable, dulce y bastante ligero pero lleno de sabor.','Irlanda',10,5,'2022-03-11 00:00:00','2022-03-12 22:20:21'),(65,'Whisky Single Malt Irlandes The Sexton 40% Abv 750ml',2877999.00,0,'Un equilibrado whisky irlandés de malta única, Sexton ha sido creado por el destilador maestro Alex Thomas y se elabora con cebada malteada 100% irlandesa. Se destila tres veces antes de envejecer en barricas de jerez ex oloroso, procedentes de Jerez de la Frontera, España, lo que le da un carácter rico y afrutado con notas de nido de abeja.','Color: Naranja dorado.\r\n\r\n-Nariz: La nariz es agradable con muchas frutas mixtas, algo de esa influencia de jerez y toffee.\r\n\r\n-Paladar: Un whisky bastante suave, pero con una cantidad decente de etanol. El acabado de jerez es inmediatamente evidente. Las notas de cata incluyen frutas cítricas, especias y toques de chocolate.\r\n\r\n-Final: El final es de longitud moderada con notas de fruta y malta dulce.','Irlanda',10,5,'2022-03-11 00:00:00','2022-03-12 22:23:15'),(66,'Whisky Irlandés Tyrconnell Single Malt 750ml. Con Estuche.',19600.00,0,'Tyrconnell es un famoso whisky irlandés producido por la destilería \"Cooley\". Creado en 1762 por la familia Watt, Tyrconnell es el nombre de un caballo de carreras propiedad de la familia Watt. En el año 2013 este whisky fue galardonado con el premio de mejor whisky single malt Irlandés.\r\nTyrconell Single Malt ha evolucionado mucho a lo largo del tiempo, indudablemente a mejor. De su elaboración, podríamos destacar su envejecimiento en barricas que anteriormente han contenido bourbon con tostado alligator.','Nariz: Es un  whisky afrutado, y lo demuestra desde el inicio. Es muy fragante, con notas a lima, manzana, flores, miel… Tambien podremos notar algo de caramelo y madera, bien equilibrado. Recomendamos probar este whisky al principio sólo, e ir añadiéndo muy poco a poco agua. Con unas gotas basta para que despierte todo su poder.\r\n\r\nBoca: Tiene un cuerpo oleoso, sin ser demasiado denso. Es cremoso y podremos estar largos minutos saboreando todos y cada uno de los muchos matices de esta maravilla. Entre muchos, podremos notar vainilla, flores, miel, romero, manzana y lima. Tiene algo de humo, al final y resulta muy leve.\r\n\r\nFinal: Medio-largo, muy intenso. Tendremos un retrogusto muy fresco. Si en el paladar el whisky destaca por su fruta, podríamos decir que su acabado es algo más herbal. Encontraremos romero, chocolate, perejil y madera nueva.','Irlanda',10,5,'2022-03-11 00:00:00','2022-03-12 22:23:43'),(67,'Whisky Bushmills 10 Años Sherry Cask ( Litro ) Edición Ltda',49899.00,0,'Una Edición Limitada de Bushmills 10 Year Old Single Malt, madurada durante un mínimo de diez años en barricas de Bourbon y luego se terminó en barricas de Jerez Oloroso .\r\n\r\nEste whisky de malta es realmente único y está acabado en barriles de jerez oloroso seleccionados a mano por la maestra mezcladora de Bushmills, Helen Mullholland.\r\n\r\nBushmills 10 Years Sherry Cask Irish Whiskey en una edición Limitada.','»Color: Tono Dorado.\r\n\r\n»Nariz: Aromas a frutos negros, ciruelas pasas e higos.\r\n\r\n»Boca: Afrutado da paso a higos, vainilla y miel en el paladar, con notas de pasas, praliné, especias aromáticas y ricas notas de madera española.\r\n\r\n»Final: Final largo - las notas afrutadas y especiadas permanecen presentes durante mucho tiempo.','Irlanda',10,5,'2022-03-11 00:00:00','2022-03-12 22:24:16'),(68,'Whisky Irlandés Jameson Trilogy Gift Pack 3 X 200ml C/una',1551999.00,0,'Un hermoso paquete de regalo que contiene tres botellas de 20 cl de la gama Jameson, incluida la Reserva de Oro Jameson, que ahora está descontinuada.\r\n\r\nDisfruta de la oportunidad de descubrir las diversas expresiones del famoso whisky irlandés.\r\n\r\nEl paquete de regalo incluye 3 botellas de 200 ml de lo siguiente:\r\n- Jameson Original\r\n- Jameson Gold Reserve\r\n- Jameson Select Reserve','Nariz: En la nariz, Jameson muestra un ligero aroma floral, vigorizado con madera especiada y notas dulces.\r\n\r\nBoca: Equilibrio perfecto de especiado, notas de frutos secos y vainilla con tonos de jerez seco y una suavidad excepciona.\r\n\r\nFinal: Delicado y persistente en el paladar, increíblemente suave y añejo.','Irlanda',10,5,'2022-03-11 00:00:00','2022-03-12 22:24:36'),(69,'Whisky Jameson Botellón 4.5 Litros Con Volcador',18999.00,0,'Jameson Irish Whiskey es un whiskey de mezcla irlandés. Es una mezcla de lo mejor de los whiskeys de alambique y de grano fino. Es tan versátil como suave debido a su triple destilación. Fue envejecido en barricas de roble durante al menos cuatro años.\r\n\r\nEl Secreto de la suavidad de Jameson es el tiempo. Es producido con agua de gran pureza en combinación con cebada malteada y sin maltear, destilado 3 veces en tradicionales alambiques de cobre y madurado en barricas de roble, garantiza su suave sabor y una pureza absoluta.','Nariz: En la nariz, Jameson muestra un ligero aroma floral, vigorizado con madera especiada y notas dulces.\r\n\r\nBoca: Equilibrio perfecto de especiado, notas de frutos secos y vainilla con tonos de jerez seco y una suavidad excepciona.\r\n\r\nFinal: Delicado y persistente en el paladar, increíblemente suave y añejo.','Irlanda',10,5,'2022-03-11 00:00:00','2022-03-12 22:25:18'),(70,'Whisky Bushmills 10 Años Single Malt',35799.00,0,'Este Bushmills 10 años es triplemente destilado según la tradición irlandesa, luego el whisky se madura en una mezcla de antiguas barricas de roble americano Bourbon y jerez oloroso.','Color: Presenta un color miel dorado.\r\n\r\n»Nariz: Dulce, fresco y afrutado en nariz, con aromas a vainilla, mezclados con miel, jerez, frutas maduras y chocolate con leche.\r\n\r\n»Paladar: Sabor a vainilla, chocolate con leche y madera ahumada. Balanceado con las notas de fruta madera y maderas tostadas. Al final tiene un sabor fresco y ligeramente seco.\r\n\r\n»Final: Largo, no demasiado seco y Muy agradable.','Irlanda',10,5,'2022-03-11 00:00:00','2022-03-12 22:26:07'),(71,'Whisky Irlandes Redbreast 12 Años Single Pot Still',19799.00,0,'Elaborado a partir de un puré de cebada malteada y sin maltear y luego triplemente destilado en alambiques de cobre, Redbreast 12 cuenta con la complejidad del sabor y las cualidades distintivas del whisky Pot Still. Madurado en una combinación de barricas de roble americano sazonadas con Bourbon y barricas de roble español sazonadas con jerez oloroso, el estilo distintivo del jerez Redbreast es un placer para la vista en todas y cada una de las botellas.','»Color: Oro con reflejos brillantes.\r\n\r\n»Nariz: Un complejo aroma especiado y afrutado con evidentes notas de madera tostada.\r\n\r\n»Boca: Completo y complejo; suave como la seda con un equilibrio armonioso de notas especiadas, afrutadas, de jerez y tostadas.\r\n\r\n»Final: Satisfactoriamente largo, los sabores complejos persisten en el paladar.','Irlanda',10,5,'2022-03-11 00:00:00','2022-03-12 22:26:46'),(72,'Whisky Single Malt Irlandés Tyrconnell 10 Años Madeira Cask',44600.00,0,'El Tyrconnell es una histórica marca de whisky que se ha reavivado por el Cooley destilería (que ahora es parte de  la viga Suntory).\r\nLa marca era propiedad de la destilería de Watt, que (según la empresa) se remonta a 1762. El Tyrconnell era su marca insignia, y lleva el nombre de un caballo de carreras propiedad de la familia vatios. El caballo era un potro castaño que ganó en 100 a 1 probabilidades en 1876 en la carrera de caballos irlandés llamado The National Stakes producen. Una carrera de caballos se representa en la etiqueta.','Nariz: Aroma con toques de limonada, cáscara de naranja confitada, frutas tropicales, miel y refinado. Fresca y brillante.\r\n\r\nPaladar: Muy meloso, con un mediano y ligero cuerpo oleoso, resuelve en cereza y una gran cantidad de frutos tropicales.\r\n\r\nFinal: Un poco astringente de los taninos de roble, miel dulce y ligero. Muy elegante.','Irlanda',10,5,'2022-03-11 00:00:00','2022-03-12 22:27:17'),(73,'Whisky Single Malt Irlandés Tyrconnell 10 Años Sherry Cask',28900.00,0,'La destilería Tyrconnell nos presenta este whisky de malta envejecido en sherry de una calidad que sorprenderá.\r\nEste whisky de malta de Tyrconnell recibió el premio World Whisky 2010. Whisky de 46º con unos toques de canela, jerez y naranja que le dan un sabor extraordinario.','Nariz: Rápidamente se percibe la madera, jerez, pasas y vainilla. Tofee con leves notas de nueces son reveladas.\r\n\r\nPaladar: Rico y cremoso. La dulcura del jerez, se revela con todo su esplendor fruto del añejamiento de las barricas. de sherry, con un toque afrutado que armoniza perfectamente con el jerez\r\n\r\nFinal: Al principio un poco seco, muy largo en boca. Un leve toque a especias se revelan desde el principio creando un extraordinario balance junto a la madera del jerez.','Irlanda',10,5,'2022-03-11 00:00:00','2022-03-12 22:27:37'),(74,'ARDBEG 19 AÑOS TRAIGH BHAN 750ML',149999.00,0,'Madurado en barricas de roble americano y jerez oloroso, este sublime whisky de 19 años es el epítome de Ardbeg. Parte de una serie Ardbeg muy buscada y coleccionable, 19 Years Old Batch 3 es la última expresión. Este sublime tercer lote, como las botellas anteriores, está inspirado en la playa Traigh Bhan de Islay.\r\nArdbeg Traigh Bhan realiza magistralmente lo imposible: equilibrar la calma y el crescendo de sus intensos sabores. Sin embargo, la historia detrás de este elixir es lo que realmente lo distingue…','Nariz: Rápidamente se percibe la madera, jerez, pasas y vainilla. Tofee con leves notas de nueces son reveladas.\r\n\r\nPaladar: Rico y cremoso. La dulcura del jerez, se revela con todo su esplendor fruto del añejamiento de las barricas. de sherry, con un toque afrutado que armoniza perfectamente con el jerez\r\n\r\nFinal: Al principio un poco seco, muy largo en boca. Un leve toque a especias se revelan desde el principio creando un extraordinario balance junto a la madera del jerez.','Irlanda',10,5,'2022-03-11 00:00:00','2022-03-12 22:27:57'),(75,'Whisky Tullamore Dew 750ml',3999.00,0,'Madurado en barricas de roble americano y jerez oloroso, este sublime whisky de 19 años es el epítome de Ardbeg. Parte de una serie Ardbeg muy buscada y coleccionable, 19 Years Old Batch 3 es la última expresión. Este sublime tercer lote, como las botellas anteriores, está inspirado en la playa Traigh Bhan de Islay.\r\nArdbeg Traigh Bhan realiza magistralmente lo imposible: equilibrar la calma y el crescendo de sus intensos sabores. Sin embargo, la historia detrás de este elixir es lo que realmente lo distingue…','Nariz: Rápidamente se percibe la madera, jerez, pasas y vainilla. Tofee con leves notas de nueces son reveladas.\r\n\r\nPaladar: Rico y cremoso. La dulcura del jerez, se revela con todo su esplendor fruto del añejamiento de las barricas. de sherry, con un toque afrutado que armoniza perfectamente con el jerez\r\n\r\nFinal: Al principio un poco seco, muy largo en boca. Un leve toque a especias se revelan desde el principio creando un extraordinario balance junto a la madera del jerez.','Irlanda',10,5,'2022-03-11 00:00:00','2022-03-12 22:29:40');
/*!40000 ALTER TABLE `products` ENABLE KEYS */;
UNLOCK TABLES;

--
-- Table structure for table `users`
--

DROP TABLE IF EXISTS `users`;
/*!40101 SET @saved_cs_client     = @@character_set_client */;
/*!40101 SET character_set_client = utf8 */;
CREATE TABLE `users` (
  `id` int(10) unsigned NOT NULL AUTO_INCREMENT,
  `name` varchar(45) NOT NULL,
  `lastName` varchar(45) NOT NULL,
  `email` varchar(70) NOT NULL,
  `pass` varchar(70) NOT NULL,
  `dateOfBirth` date NOT NULL,
  `phone` varchar(30) DEFAULT NULL,
  `cellPhone` varchar(30) DEFAULT NULL,
  `avatar` varchar(100) DEFAULT NULL,
  `rol` tinyint(1) unsigned NOT NULL,
  `createdAt` datetime NOT NULL,
  `updatedAt` datetime NOT NULL,
  PRIMARY KEY (`id`),
  UNIQUE KEY `users_un` (`email`)
) ENGINE=InnoDB AUTO_INCREMENT=6 DEFAULT CHARSET=utf8mb4;
/*!40101 SET character_set_client = @saved_cs_client */;

--
-- Dumping data for table `users`
--

LOCK TABLES `users` WRITE;
/*!40000 ALTER TABLE `users` DISABLE KEYS */;
/*!40000 ALTER TABLE `users` ENABLE KEYS */;
UNLOCK TABLES;

--
-- Dumping routines for database 'whisking'
--
/*!40103 SET TIME_ZONE=@OLD_TIME_ZONE */;

/*!40101 SET SQL_MODE=@OLD_SQL_MODE */;
/*!40014 SET FOREIGN_KEY_CHECKS=@OLD_FOREIGN_KEY_CHECKS */;
/*!40014 SET UNIQUE_CHECKS=@OLD_UNIQUE_CHECKS */;
/*!40101 SET CHARACTER_SET_CLIENT=@OLD_CHARACTER_SET_CLIENT */;
/*!40101 SET CHARACTER_SET_RESULTS=@OLD_CHARACTER_SET_RESULTS */;
/*!40101 SET COLLATION_CONNECTION=@OLD_COLLATION_CONNECTION */;
/*!40111 SET SQL_NOTES=@OLD_SQL_NOTES */;

-- Dump completed on 2022-03-13 18:10:28
